Year,Rk,Team,G,3DAtt,3DConv,3D%,4DAtt,4DConv,4D%,RZAtt,RZTD,RZPct,,,,,,,,,,,,,,,,
1998,1,Minnesota Vikings,16,208,107,0.514,3,3,1.000,39,23,0.590,,,,,,,,,,,,,,,,
1998,2,New York Jets,16,224,103,0.460,16,9,0.563,38,19,0.500,,,,,,,,,,,,,,,,
1998,3,Green Bay Packers,16,218,99,0.454,13,5,0.385,35,19,0.543,,,,,,,,,,,,,,,,
1998,4,Buffalo Bills,16,219,97,0.443,8,3,0.375,37,20,0.541,,,,,,,,,,,,,,,,
1998,5,San Francisco 49ers,16,211,96,0.455,9,4,0.444,36,23,0.639,,,,,,,,,,,,,,,,
1998,6,Jacksonville Jaguars,16,220,94,0.427,8,4,0.500,39,20,0.513,,,,,,,,,,,,,,,,
1998,7,Tampa Bay Buccaneers,16,230,93,0.404,14,6,0.429,31,13,0.419,,,,,,,,,,,,,,,,
1998,8,Denver Broncos,16,207,90,0.435,10,4,0.400,46,29,0.630,,,,,,,,,,,,,,,,
1998,9,New England Patriots,16,237,90,0.380,21,10,0.476,37,17,0.459,,,,,,,,,,,,,,,,
1998,10,Pittsburgh Steelers,16,224,87,0.388,15,3,0.200,27,15,0.556,,,,,,,,,,,,,,,,
1998,11,Tennessee Oilers,16,210,84,0.400,11,4,0.364,30,14,0.467,,,,,,,,,,,,,,,,
1998,12,Atlanta Falcons,16,199,83,0.417,3,1,0.333,33,20,0.606,,,,,,,,,,,,,,,,
1998,13,Miami Dolphins,16,226,81,0.358,12,6,0.500,34,20,0.588,,,,,,,,,,,,,,,,
1998,14,Philadelphia Eagles,16,240,80,0.333,23,7,0.304,24,12,0.500,,,,,,,,,,,,,,,,
1998,15,Carolina Panthers,16,216,80,0.370,21,10,0.476,32,17,0.531,,,,,,,,,,,,,,,,
1998,16,San Diego Chargers,16,237,78,0.329,17,8,0.471,25,12,0.480,,,,,,,,,,,,,,,,
1998,17,St. Louis Rams,16,222,77,0.347,16,9,0.563,31,18,0.581,,,,,,,,,,,,,,,,
1998,18,New Orleans Saints,16,215,77,0.358,17,6,0.353,26,11,0.423,,,,,,,,,,,,,,,,
1998,19,Dallas Cowboys,16,206,76,0.369,12,8,0.667,46,28,0.609,,,,,,,,,,,,,,,,
1998,20,Arizona Cardinals,16,218,76,0.349,18,10,0.556,37,25,0.676,,,,,,,,,,,,,,,,
1998,21,Cincinnati Bengals,16,224,76,0.339,29,11,0.379,22,10,0.455,,,,,,,,,,,,,,,,
1998,22,Chicago Bears,16,215,75,0.349,25,11,0.440,35,11,0.314,,,,,,,,,,,,,,,,
1998,23,Detroit Lions,16,211,72,0.341,20,10,0.500,27,14,0.519,,,,,,,,,,,,,,,,
1998,24,Oakland Raiders,16,225,71,0.316,13,6,0.462,26,9,0.346,,,,,,,,,,,,,,,,
1998,25,Indianapolis Colts,16,202,71,0.351,10,4,0.400,27,13,0.481,,,,,,,,,,,,,,,,
1998,26,New York Giants,16,229,70,0.306,18,8,0.444,25,13,0.520,,,,,,,,,,,,,,,,
1998,27,Kansas City Chiefs,16,220,70,0.318,25,13,0.520,35,16,0.457,,,,,,,,,,,,,,,,
1998,28,Washington Redskins,16,215,68,0.316,15,5,0.333,36,23,0.639,,,,,,,,,,,,,,,,
1998,29,Baltimore Ravens,16,207,64,0.309,15,6,0.400,25,9,0.360,,,,,,,,,,,,,,,,
1998,30,Seattle Seahawks,16,195,54,0.277,17,6,0.353,24,13,0.542,,,,,,,,,,,,,,,,
1999,1,Kansas City Chiefs,16,243,96,0.395,11,6,0.545,41,25,0.610,,,,,,,,,,,,,,,,
1999,2,Buffalo Bills,16,228,93,0.408,21,11,0.524,52,24,0.462,,,,,,,,,,,,,,,,
1999,3,Cincinnati Bengals,16,235,93,0.396,23,7,0.304,54,23,0.426,,,,,,,,,,,,,,,,
1999,4,Jacksonville Jaguars,16,230,92,0.400,10,5,0.500,63,29,0.460,,,,,,,,,,,,,,,,
1999,5,Chicago Bears,16,247,91,0.368,27,11,0.407,48,17,0.354,,,,,,,,,,,,,,,,
1999,6,St. Louis Rams,16,194,91,0.469,8,5,0.625,56,37,0.661,,,,,,,,,,,,,,,,
1999,7,Pittsburgh Steelers,16,234,90,0.385,24,7,0.292,50,27,0.540,,,,,,,,,,,,,,,,
1999,8,Minnesota Vikings,16,204,89,0.436,11,6,0.545,59,30,0.508,,,,,,,,,,,,,,,,
1999,9,San Diego Chargers,16,242,89,0.368,14,6,0.429,48,19,0.396,,,,,,,,,,,,,,,,
1999,10,Oakland Raiders,16,216,85,0.394,8,7,0.875,57,31,0.544,,,,,,,,,,,,,,,,
1999,11,Denver Broncos,16,229,84,0.367,14,6,0.429,46,19,0.413,,,,,,,,,,,,,,,,
1999,12,New York Giants,16,232,84,0.362,19,12,0.632,45,22,0.489,,,,,,,,,,,,,,,,
1999,13,Tennessee Titans,16,217,83,0.382,12,7,0.583,50,31,0.620,,,,,,,,,,,,,,,,
1999,14,Detroit Lions,16,222,81,0.365,17,6,0.353,36,19,0.528,,,,,,,,,,,,,,,,
1999,15,Tampa Bay Buccaneers,16,230,81,0.352,15,7,0.467,45,15,0.333,,,,,,,,,,,,,,,,
1999,16,Miami Dolphins,16,236,80,0.339,14,8,0.571,51,21,0.412,,,,,,,,,,,,,,,,
1999,17,New England Patriots,16,223,79,0.354,13,4,0.308,46,17,0.370,,,,,,,,,,,,,,,,
1999,18,New York Jets,16,226,78,0.345,25,11,0.440,51,20,0.392,,,,,,,,,,,,,,,,
1999,19,Dallas Cowboys,16,219,77,0.352,17,6,0.353,48,25,0.521,,,,,,,,,,,,,,,,
1999,20,Carolina Panthers,16,201,77,0.383,20,10,0.500,49,27,0.551,,,,,,,,,,,,,,,,
1999,21,Green Bay Packers,16,209,77,0.368,9,2,0.222,53,29,0.547,,,,,,,,,,,,,,,,
1999,22,Washington Redskins,16,203,77,0.379,18,9,0.500,52,31,0.596,,,,,,,,,,,,,,,,
1999,23,New Orleans Saints,16,220,74,0.336,22,8,0.364,45,18,0.400,,,,,,,,,,,,,,,,
1999,24,Philadelphia Eagles,16,238,74,0.311,9,6,0.667,31,11,0.355,,,,,,,,,,,,,,,,
1999,25,Indianapolis Colts,16,186,73,0.392,6,2,0.333,60,27,0.450,,,,,,,,,,,,,,,,
1999,26,Arizona Cardinals,16,221,72,0.326,17,4,0.235,42,21,0.500,,,,,,,,,,,,,,,,
1999,27,San Francisco 49ers,16,206,70,0.340,23,8,0.348,45,21,0.467,,,,,,,,,,,,,,,,
1999,28,Atlanta Falcons,16,196,68,0.347,14,5,0.357,42,22,0.524,,,,,,,,,,,,,,,,
1999,29,Seattle Seahawks,16,210,68,0.324,8,2,0.250,42,18,0.429,,,,,,,,,,,,,,,,
1999,30,Baltimore Ravens,16,229,65,0.284,11,3,0.273,41,14,0.341,,,,,,,,,,,,,,,,
1999,31,Cleveland Browns,16,203,59,0.291,13,9,0.692,28,20,0.714,,,,,,,,,,,,,,,,
2000,1,Jacksonville Jaguars,16,235,100,0.426,14,5,0.357,57,27,0.474,,,,,,,,,,,,,,,,
2000,2,Tennessee Titans,16,228,97,0.425,11,4,0.364,55,26,0.473,,,,,,,,,,,,,,,,
2000,3,Denver Broncos,16,218,97,0.445,17,9,0.529,59,33,0.559,,,,,,,,,,,,,,,,
2000,4,New Orleans Saints,16,227,97,0.427,17,10,0.588,48,24,0.500,,,,,,,,,,,,,,,,
2000,5,Baltimore Ravens,16,236,95,0.403,6,1,0.167,50,20,0.400,,,,,,,,,,,,,,,,
2000,6,Indianapolis Colts,16,201,94,0.468,10,9,0.900,53,32,0.604,,,,,,,,,,,,,,,,
2000,7,Buffalo Bills,16,247,92,0.372,12,9,0.750,56,27,0.482,,,,,,,,,,,,,,,,
2000,8,New York Giants,16,229,92,0.402,15,7,0.467,46,25,0.543,,,,,,,,,,,,,,,,
2000,9,Philadelphia Eagles,16,224,90,0.402,11,7,0.636,50,25,0.500,,,,,,,,,,,,,,,,
2000,10,Oakland Raiders,16,206,89,0.432,8,3,0.375,65,38,0.585,,,,,,,,,,,,,,,,
2000,11,New York Jets,16,233,89,0.382,17,11,0.647,53,28,0.528,,,,,,,,,,,,,,,,
2000,12,Minnesota Vikings,16,188,86,0.457,13,8,0.615,46,25,0.543,,,,,,,,,,,,,,,,
2000,13,St. Louis Rams,16,181,86,0.475,13,8,0.615,78,49,0.628,,,,,,,,,,,,,,,,
2000,14,Pittsburgh Steelers,16,229,86,0.376,10,5,0.500,49,23,0.469,,,,,,,,,,,,,,,,
2000,15,Green Bay Packers,16,218,85,0.390,12,7,0.583,55,27,0.491,,,,,,,,,,,,,,,,
2000,16,Washington Redskins,16,213,84,0.394,10,4,0.400,48,23,0.479,,,,,,,,,,,,,,,,
2000,17,San Francisco 49ers,16,202,84,0.416,20,10,0.500,62,37,0.597,,,,,,,,,,,,,,,,
2000,18,Seattle Seahawks,16,205,83,0.405,14,7,0.500,46,28,0.609,,,,,,,,,,,,,,,,
2000,19,New England Patriots,16,234,82,0.350,26,13,0.500,53,23,0.434,,,,,,,,,,,,,,,,
2000,20,Carolina Panthers,16,198,78,0.394,14,8,0.571,57,22,0.386,,,,,,,,,,,,,,,,
2000,21,Cincinnati Bengals,16,227,77,0.339,25,10,0.400,33,13,0.394,,,,,,,,,,,,,,,,
2000,22,Kansas City Chiefs,16,204,75,0.368,13,4,0.308,55,29,0.527,,,,,,,,,,,,,,,,
2000,23,Arizona Cardinals,16,199,75,0.377,27,8,0.296,44,14,0.318,,,,,,,,,,,,,,,,
2000,24,Miami Dolphins,16,214,75,0.350,6,4,0.667,46,25,0.543,,,,,,,,,,,,,,,,
2000,25,Detroit Lions,16,224,72,0.321,13,6,0.462,54,24,0.444,,,,,,,,,,,,,,,,
2000,26,San Diego Chargers,16,219,72,0.329,14,3,0.214,38,15,0.395,,,,,,,,,,,,,,,,
2000,27,Dallas Cowboys,16,195,70,0.359,18,10,0.556,47,23,0.489,,,,,,,,,,,,,,,,
2000,28,Chicago Bears,16,222,67,0.302,25,11,0.440,26,11,0.423,,,,,,,,,,,,,,,,
2000,29,Tampa Bay Buccaneers,16,198,66,0.333,12,5,0.417,47,27,0.574,,,,,,,,,,,,,,,,
2000,30,Cleveland Browns,16,210,58,0.276,19,6,0.316,32,15,0.469,,,,,,,,,,,,,,,,
2000,31,Atlanta Falcons,16,197,57,0.289,13,6,0.462,37,13,0.351,,,,,,,,,,,,,,,,
2001,1,Pittsburgh Steelers,16,232,106,0.457,12,6,0.500,52,20,0.385,,,,,,,,,,,,,,,,
2001,2,Tennessee Titans,16,233,98,0.421,15,2,0.133,38,20,0.526,,,,,,,,,,,,,,,,
2001,3,St. Louis Rams,16,192,96,0.500,11,8,0.727,66,42,0.636,,,,,,,,,,,,,,,,
2001,4,San Francisco 49ers,16,213,95,0.446,17,9,0.529,52,33,0.635,,,,,,,,,,,,,,,,
2001,5,Cincinnati Bengals,16,243,93,0.383,23,6,0.261,46,19,0.413,,,,,,,,,,,,,,,,
2001,6,New England Patriots,16,221,91,0.412,17,7,0.412,52,25,0.481,,,,,,,,,,,,,,,,
2001,7,New Orleans Saints,16,227,89,0.392,18,6,0.333,55,28,0.509,,,,,,,,,,,,,,,,
2001,8,Miami Dolphins,16,215,89,0.414,14,9,0.643,45,24,0.533,,,,,,,,,,,,,,,,
2001,9,Atlanta Falcons,16,217,89,0.410,17,5,0.294,52,21,0.404,,,,,,,,,,,,,,,,
2001,10,Minnesota Vikings,16,210,88,0.419,18,8,0.444,39,17,0.436,,,,,,,,,,,,,,,,
2001,11,Indianapolis Colts,16,205,85,0.415,8,5,0.625,47,26,0.553,,,,,,,,,,,,,,,,
2001,12,Denver Broncos,16,219,83,0.379,10,4,0.400,54,28,0.519,,,,,,,,,,,,,,,,
2001,13,Baltimore Ravens,16,230,82,0.357,13,3,0.231,56,23,0.411,,,,,,,,,,,,,,,,
2001,14,Oakland Raiders,16,209,81,0.388,13,8,0.615,59,33,0.559,,,,,,,,,,,,,,,,
2001,15,Tampa Bay Buccaneers,16,228,80,0.351,17,11,0.647,53,24,0.453,,,,,,,,,,,,,,,,
2001,16,San Diego Chargers,16,221,79,0.357,4,3,0.750,61,23,0.377,,,,,,,,,,,,,,,,
2001,17,Washington Redskins,16,223,79,0.354,13,4,0.308,44,18,0.409,,,,,,,,,,,,,,,,
2001,18,New York Giants,16,220,78,0.355,13,6,0.462,43,22,0.512,,,,,,,,,,,,,,,,
2001,19,Seattle Seahawks,16,213,77,0.362,17,8,0.471,37,19,0.514,,,,,,,,,,,,,,,,
2001,20,New York Jets,16,200,76,0.380,12,6,0.500,44,19,0.432,,,,,,,,,,,,,,,,
2001,21,Detroit Lions,16,222,76,0.342,25,12,0.480,38,21,0.553,,,,,,,,,,,,,,,,
2001,22,Buffalo Bills,16,217,75,0.346,24,12,0.500,39,18,0.462,,,,,,,,,,,,,,,,
2001,23,Chicago Bears,16,225,74,0.329,21,10,0.476,41,19,0.463,,,,,,,,,,,,,,,,
2001,24,Green Bay Packers,16,197,72,0.365,6,3,0.500,47,27,0.574,,,,,,,,,,,,,,,,
2001,25,Dallas Cowboys,16,215,71,0.330,16,4,0.250,49,17,0.347,,,,,,,,,,,,,,,,
2001,26,Kansas City Chiefs,16,195,70,0.359,16,5,0.313,53,24,0.453,,,,,,,,,,,,,,,,
2001,27,Jacksonville Jaguars,16,198,70,0.354,12,3,0.250,48,24,0.500,,,,,,,,,,,,,,,,
2001,28,Philadelphia Eagles,16,220,68,0.309,13,9,0.692,46,25,0.543,,,,,,,,,,,,,,,,
2001,29,Cleveland Browns,16,210,68,0.324,12,6,0.500,42,18,0.429,,,,,,,,,,,,,,,,
2001,30,Carolina Panthers,16,219,67,0.306,21,5,0.238,39,19,0.487,,,,,,,,,,,,,,,,
2001,31,Arizona Cardinals,16,196,57,0.291,20,10,0.500,44,19,0.432,,,,,,,,,,,,,,,,
2002,1,San Francisco 49ers,16,243,127,0.523,13,8,0.615,56,27,0.482,,,,,,,,,,,,,,,,
2002,2,Indianapolis Colts,16,227,102,0.449,17,13,0.765,50,26,0.520,,,,,,,,,,,,,,,,
2002,3,Arizona Cardinals,16,230,99,0.430,13,4,0.308,40,22,0.550,,,,,,,,,,,,,,,,
2002,4,Pittsburgh Steelers,16,223,94,0.422,23,14,0.609,61,28,0.459,,,,,,,,,,,,,,,,
2002,5,Tennessee Titans,16,216,94,0.435,16,9,0.563,56,33,0.589,,,,,,,,,,,,,,,,
2002,6,New England Patriots,16,220,94,0.427,20,9,0.450,49,26,0.531,,,,,,,,,,,,,,,,
2002,7,Seattle Seahawks,16,216,93,0.431,21,6,0.286,57,29,0.509,,,,,,,,,,,,,,,,
2002,8,Oakland Raiders,16,203,92,0.453,10,7,0.700,60,34,0.567,,,,,,,,,,,,,,,,
2002,9,New Orleans Saints,16,224,92,0.411,13,8,0.615,58,31,0.534,,,,,,,,,,,,,,,,
2002,10,Minnesota Vikings,16,209,92,0.440,17,8,0.471,64,36,0.563,,,,,,,,,,,,,,,,
2002,11,Buffalo Bills,16,212,90,0.425,12,7,0.583,58,31,0.534,,,,,,,,,,,,,,,,
2002,12,Philadelphia Eagles,16,231,90,0.390,16,8,0.500,57,27,0.474,,,,,,,,,,,,,,,,
2002,13,Atlanta Falcons,16,215,90,0.419,10,6,0.600,60,28,0.467,,,,,,,,,,,,,,,,
2002,14,Cleveland Browns,16,222,90,0.405,10,8,0.800,43,23,0.535,,,,,,,,,,,,,,,,
2002,15,Washington Redskins,16,221,88,0.398,25,13,0.520,44,26,0.591,,,,,,,,,,,,,,,,
2002,16,Green Bay Packers,16,225,87,0.387,13,7,0.538,57,30,0.526,,,,,,,,,,,,,,,,
2002,17,Cincinnati Bengals,16,223,87,0.390,30,11,0.367,42,19,0.452,,,,,,,,,,,,,,,,
2002,18,New York Giants,16,213,84,0.394,14,5,0.357,59,22,0.373,,,,,,,,,,,,,,,,
2002,19,St. Louis Rams,16,206,81,0.393,10,6,0.600,51,28,0.549,,,,,,,,,,,,,,,,
2002,20,Baltimore Ravens,16,215,81,0.377,13,7,0.538,38,19,0.500,,,,,,,,,,,,,,,,
2002,21,Tampa Bay Buccaneers,16,222,79,0.356,9,6,0.667,51,23,0.451,,,,,,,,,,,,,,,,
2002,22,San Diego Chargers,16,210,78,0.371,12,4,0.333,49,30,0.612,,,,,,,,,,,,,,,,
2002,23,Denver Broncos,16,202,77,0.381,23,16,0.696,58,34,0.586,,,,,,,,,,,,,,,,
2002,24,Kansas City Chiefs,16,185,77,0.416,10,6,0.600,64,42,0.656,,,,,,,,,,,,,,,,
2002,25,New York Jets,16,188,76,0.404,12,4,0.333,54,32,0.593,,,,,,,,,,,,,,,,
2002,26,Miami Dolphins,16,199,76,0.382,10,3,0.300,56,36,0.643,,,,,,,,,,,,,,,,
2002,27,Chicago Bears,16,210,71,0.338,21,10,0.476,40,23,0.575,,,,,,,,,,,,,,,,
2002,28,Jacksonville Jaguars,16,207,71,0.343,26,18,0.692,51,28,0.549,,,,,,,,,,,,,,,,
2002,29,Detroit Lions,16,216,64,0.296,20,8,0.400,43,18,0.419,,,,,,,,,,,,,,,,
2002,30,Carolina Panthers,16,224,64,0.286,12,4,0.333,39,19,0.487,,,,,,,,,,,,,,,,
2002,31,Houston Texans,16,229,59,0.258,14,5,0.357,24,10,0.417,,,,,,,,,,,,,,,,
2002,32,Dallas Cowboys,16,208,50,0.240,12,4,0.333,26,10,0.385,,,,,,,,,,,,,,,,
2003,1,New Orleans Saints,16,229,106,0.463,19,5,0.263,40,22,0.550,,,,,,,,,,,,,,,,
2003,2,Cincinnati Bengals,16,228,102,0.447,11,5,0.455,47,28,0.596,,,,,,,,,,,,,,,,
2003,3,Minnesota Vikings,16,219,102,0.466,20,8,0.400,55,31,0.564,,,,,,,,,,,,,,,,
2003,4,Seattle Seahawks,16,205,96,0.468,7,2,0.286,50,31,0.620,,,,,,,,,,,,,,,,
2003,5,St. Louis Rams,16,216,92,0.426,15,7,0.467,68,34,0.500,,,,,,,,,,,,,,,,
2003,6,Indianapolis Colts,16,217,91,0.419,17,11,0.647,62,32,0.516,,,,,,,,,,,,,,,,
2003,7,Dallas Cowboys,16,241,88,0.365,12,4,0.333,46,20,0.435,,,,,,,,,,,,,,,,
2003,8,Tennessee Titans,16,211,86,0.408,14,6,0.429,60,32,0.533,,,,,,,,,,,,,,,,
2003,9,San Francisco 49ers,16,215,86,0.400,19,5,0.263,62,29,0.468,,,,,,,,,,,,,,,,
2003,10,Green Bay Packers,16,207,85,0.411,7,4,0.571,52,34,0.654,,,,,,,,,,,,,,,,
2003,11,New England Patriots,16,227,84,0.370,14,6,0.429,50,22,0.440,,,,,,,,,,,,,,,,
2003,12,Kansas City Chiefs,16,201,84,0.418,10,6,0.600,54,42,0.778,,,,,,,,,,,,,,,,
2003,13,Arizona Cardinals,16,222,83,0.374,22,10,0.455,43,18,0.419,,,,,,,,,,,,,,,,
2003,14,Pittsburgh Steelers,16,227,82,0.361,22,11,0.500,44,20,0.455,,,,,,,,,,,,,,,,
2003,15,New York Jets,16,206,82,0.398,13,6,0.462,39,19,0.487,,,,,,,,,,,,,,,,
2003,16,Denver Broncos,16,211,82,0.389,13,3,0.231,56,31,0.554,,,,,,,,,,,,,,,,
2003,17,Jacksonville Jaguars,16,216,80,0.370,26,13,0.500,45,20,0.444,,,,,,,,,,,,,,,,
2003,18,Detroit Lions,16,228,80,0.351,20,8,0.400,38,18,0.474,,,,,,,,,,,,,,,,
2003,19,Carolina Panthers,16,219,78,0.356,11,6,0.545,43,18,0.419,,,,,,,,,,,,,,,,
2003,20,Tampa Bay Buccaneers,16,220,78,0.355,15,8,0.533,40,22,0.550,,,,,,,,,,,,,,,,
2003,21,Chicago Bears,16,228,77,0.338,23,15,0.652,45,22,0.489,,,,,,,,,,,,,,,,
2003,22,Cleveland Browns,16,202,74,0.366,18,6,0.333,42,19,0.452,,,,,,,,,,,,,,,,
2003,23,Washington Redskins,16,215,73,0.340,14,8,0.571,45,24,0.533,,,,,,,,,,,,,,,,
2003,24,New York Giants,16,218,73,0.335,17,2,0.118,47,18,0.383,,,,,,,,,,,,,,,,
2003,25,Baltimore Ravens,16,226,72,0.319,11,7,0.636,50,21,0.420,,,,,,,,,,,,,,,,
2003,26,Philadelphia Eagles,16,190,69,0.363,7,3,0.429,51,32,0.627,,,,,,,,,,,,,,,,
2003,27,Miami Dolphins,16,205,67,0.327,10,5,0.500,43,21,0.488,,,,,,,,,,,,,,,,
2003,28,Buffalo Bills,16,212,67,0.316,25,13,0.520,45,21,0.467,,,,,,,,,,,,,,,,
2003,29,Oakland Raiders,16,217,66,0.304,25,14,0.560,34,15,0.441,,,,,,,,,,,,,,,,
2003,30,Houston Texans,16,204,63,0.309,14,9,0.643,34,21,0.618,,,,,,,,,,,,,,,,
2003,31,San Diego Chargers,16,197,62,0.315,19,10,0.526,46,22,0.478,,,,,,,,,,,,,,,,
2003,32,Atlanta Falcons,16,194,58,0.299,11,6,0.545,46,24,0.522,,,,,,,,,,,,,,,,
2004,1,Minnesota Vikings,16,195,102,0.523,10,6,0.600,58,33,0.569,,,,,,,,,,,,,,,,
2004,2,Green Bay Packers,16,207,98,0.473,14,8,0.571,52,30,0.577,,,,,,,,,,,,,,,,
2004,3,San Diego Chargers,16,208,97,0.466,8,5,0.625,63,44,0.698,,,,,,,,,,,,,,,,
2004,4,Pittsburgh Steelers,16,219,94,0.429,12,7,0.583,61,28,0.459,,,,,,,,,,,,,,,,
2004,5,New England Patriots,16,206,93,0.451,10,4,0.400,63,37,0.587,,,,,,,,,,,,,,,,
2004,6,New York Jets,16,214,91,0.425,8,4,0.500,43,25,0.581,,,,,,,,,,,,,,,,
2004,7,Kansas City Chiefs,16,193,91,0.472,14,4,0.286,59,40,0.678,,,,,,,,,,,,,,,,
2004,8,St. Louis Rams,16,211,89,0.422,19,13,0.684,42,23,0.548,,,,,,,,,,,,,,,,
2004,9,Cincinnati Bengals,16,219,88,0.402,12,6,0.500,55,28,0.509,,,,,,,,,,,,,,,,
2004,10,Arizona Cardinals,16,241,84,0.349,12,5,0.417,37,18,0.486,,,,,,,,,,,,,,,,
2004,11,Carolina Panthers,16,206,83,0.403,8,3,0.375,52,31,0.596,,,,,,,,,,,,,,,,
2004,12,Baltimore Ravens,16,231,81,0.351,15,4,0.267,40,20,0.500,,,,,,,,,,,,,,,,
2004,13,Houston Texans,16,211,81,0.384,21,13,0.619,44,26,0.591,,,,,,,,,,,,,,,,
2004,14,Jacksonville Jaguars,16,217,80,0.369,18,10,0.556,45,19,0.422,,,,,,,,,,,,,,,,
2004,15,Miami Dolphins,16,232,80,0.345,16,8,0.500,38,18,0.474,,,,,,,,,,,,,,,,
2004,16,Dallas Cowboys,16,214,78,0.364,17,9,0.529,40,21,0.525,,,,,,,,,,,,,,,,
2004,17,Denver Broncos,16,206,78,0.379,14,7,0.500,53,24,0.453,,,,,,,,,,,,,,,,
2004,18,Buffalo Bills,16,215,77,0.358,21,10,0.476,61,28,0.459,,,,,,,,,,,,,,,,
2004,19,Seattle Seahawks,16,210,76,0.362,11,6,0.545,53,31,0.585,,,,,,,,,,,,,,,,
2004,20,Tampa Bay Buccaneers,16,199,75,0.377,6,4,0.667,40,21,0.525,,,,,,,,,,,,,,,,
2004,21,Tennessee Titans,16,217,74,0.341,27,12,0.444,45,25,0.556,,,,,,,,,,,,,,,,
2004,22,Atlanta Falcons,16,201,73,0.363,18,10,0.556,51,27,0.529,,,,,,,,,,,,,,,,
2004,23,Philadelphia Eagles,16,195,72,0.369,4,0,0.000,47,30,0.638,,,,,,,,,,,,,,,,
2004,24,San Francisco 49ers,16,222,72,0.324,19,14,0.737,41,20,0.488,,,,,,,,,,,,,,,,
2004,25,Oakland Raiders,16,200,71,0.355,14,7,0.500,41,20,0.488,,,,,,,,,,,,,,,,
2004,26,New Orleans Saints,16,210,70,0.333,18,9,0.500,47,27,0.574,,,,,,,,,,,,,,,,
2004,27,Indianapolis Colts,16,164,70,0.427,7,4,0.571,67,42,0.627,,,,,,,,,,,,,,,,
2004,28,Washington Redskins,16,221,70,0.317,11,4,0.364,44,23,0.523,,,,,,,,,,,,,,,,
2004,29,Detroit Lions,16,210,66,0.314,16,6,0.375,43,19,0.442,,,,,,,,,,,,,,,,
2004,30,Cleveland Browns,16,203,59,0.291,16,7,0.438,41,19,0.463,,,,,,,,,,,,,,,,
2004,31,New York Giants,16,190,56,0.295,19,4,0.211,54,26,0.481,,,,,,,,,,,,,,,,
2004,32,Chicago Bears,16,223,56,0.251,19,6,0.316,38,16,0.421,,,,,,,,,,,,,,,,
2005,1,Washington Redskins,16,230,97,0.422,11,6,0.545,47,30,0.638,,,,,,,,,,,,,,,,
2005,2,Baltimore Ravens,16,243,95,0.391,19,11,0.579,42,16,0.381,,,,,,,,,,,,,,,,
2005,3,Atlanta Falcons,16,219,94,0.429,14,5,0.357,54,31,0.574,,,,,,,,,,,,,,,,
2005,4,Dallas Cowboys,16,232,94,0.405,13,7,0.538,53,28,0.528,,,,,,,,,,,,,,,,
2005,5,Jacksonville Jaguars,16,225,93,0.413,10,4,0.400,49,29,0.592,,,,,,,,,,,,,,,,
2005,6,New England Patriots,16,221,93,0.421,17,13,0.765,58,37,0.638,,,,,,,,,,,,,,,,
2005,7,Carolina Panthers,16,218,92,0.422,6,2,0.333,53,31,0.585,,,,,,,,,,,,,,,,
2005,8,Indianapolis Colts,16,187,91,0.487,13,8,0.615,61,37,0.607,,,,,,,,,,,,,,,,
2005,9,Arizona Cardinals,16,239,91,0.381,16,5,0.313,46,13,0.283,,,,,,,,,,,,,,,,
2005,10,Green Bay Packers,16,221,91,0.412,19,9,0.474,46,22,0.478,,,,,,,,,,,,,,,,
2005,11,Kansas City Chiefs,16,213,91,0.427,16,10,0.625,54,28,0.519,,,,,,,,,,,,,,,,
2005,12,New York Giants,16,227,90,0.396,13,6,0.462,59,27,0.458,,,,,,,,,,,,,,,,
2005,13,San Diego Chargers,16,208,88,0.423,17,11,0.647,50,35,0.700,,,,,,,,,,,,,,,,
2005,14,Tampa Bay Buccaneers,16,221,87,0.394,7,4,0.571,39,20,0.513,,,,,,,,,,,,,,,,
2005,15,Detroit Lions,16,224,87,0.388,17,7,0.412,36,18,0.500,,,,,,,,,,,,,,,,
2005,16,Oakland Raiders,16,214,85,0.397,14,7,0.500,45,21,0.467,,,,,,,,,,,,,,,,
2005,17,Cincinnati Bengals,16,196,84,0.429,10,3,0.300,62,35,0.565,,,,,,,,,,,,,,,,
2005,18,New Orleans Saints,16,211,82,0.389,12,2,0.167,42,16,0.381,,,,,,,,,,,,,,,,
2005,19,Miami Dolphins,16,225,79,0.351,15,6,0.400,52,21,0.404,,,,,,,,,,,,,,,,
2005,20,St. Louis Rams,16,211,77,0.365,21,14,0.667,51,24,0.471,,,,,,,,,,,,,,,,
2005,21,Seattle Seahawks,16,192,76,0.396,8,7,0.875,60,43,0.717,,,,,,,,,,,,,,,,
2005,22,Denver Broncos,16,210,76,0.362,19,14,0.737,58,35,0.603,,,,,,,,,,,,,,,,
2005,23,Houston Texans,16,219,75,0.342,17,8,0.471,37,16,0.432,,,,,,,,,,,,,,,,
2005,24,Tennessee Titans,16,218,75,0.344,31,9,0.290,46,22,0.478,,,,,,,,,,,,,,,,
2005,25,Buffalo Bills,16,201,74,0.368,16,6,0.375,49,17,0.347,,,,,,,,,,,,,,,,
2005,26,Philadelphia Eagles,16,220,72,0.327,12,3,0.250,41,22,0.537,,,,,,,,,,,,,,,,
2005,27,New York Jets,16,204,72,0.353,19,8,0.421,43,19,0.442,,,,,,,,,,,,,,,,
2005,28,Pittsburgh Steelers,16,192,68,0.354,12,5,0.417,56,34,0.607,,,,,,,,,,,,,,,,
2005,29,Cleveland Browns,16,203,67,0.330,18,7,0.389,39,11,0.282,,,,,,,,,,,,,,,,
2005,30,Minnesota Vikings,16,196,64,0.327,9,4,0.444,51,23,0.451,,,,,,,,,,,,,,,,
2005,31,Chicago Bears,16,215,62,0.288,16,7,0.438,43,20,0.465,,,,,,,,,,,,,,,,
2005,32,San Francisco 49ers,16,204,49,0.240,8,5,0.625,28,11,0.393,,,,,,,,,,,,,,,,
2006,1,New Orleans Saints,16,234,105,0.449,20,12,0.600,53,29,0.547,,,,,,,,,,,,,,,,
2006,2,Indianapolis Colts,16,187,105,0.561,4,0,0.000,62,41,0.661,,,,,,,,,,,,,,,,
2006,3,Dallas Cowboys,16,205,100,0.488,19,9,0.474,58,35,0.603,,,,,,,,,,,,,,,,
2006,4,New York Jets,16,226,99,0.438,16,5,0.313,48,22,0.458,,,,,,,,,,,,,,,,
2006,5,New England Patriots,16,226,96,0.425,20,16,0.800,60,36,0.600,,,,,,,,,,,,,,,,
2006,6,Baltimore Ravens,16,233,96,0.412,11,8,0.727,52,22,0.423,,,,,,,,,,,,,,,,
2006,7,Green Bay Packers,16,240,94,0.392,17,7,0.412,49,16,0.327,,,,,,,,,,,,,,,,
2006,8,Pittsburgh Steelers,16,217,93,0.429,21,10,0.476,56,28,0.500,,,,,,,,,,,,,,,,
2006,9,San Diego Chargers,16,213,92,0.432,11,6,0.545,62,42,0.677,,,,,,,,,,,,,,,,
2006,10,Kansas City Chiefs,16,219,89,0.406,15,9,0.600,48,29,0.604,,,,,,,,,,,,,,,,
2006,11,Philadelphia Eagles,16,209,88,0.421,11,5,0.455,46,26,0.565,,,,,,,,,,,,,,,,
2006,12,Miami Dolphins,16,234,88,0.376,14,7,0.500,46,20,0.435,,,,,,,,,,,,,,,,
2006,13,Jacksonville Jaguars,16,217,85,0.392,14,7,0.500,52,30,0.577,,,,,,,,,,,,,,,,
2006,14,Seattle Seahawks,16,224,85,0.379,8,2,0.250,42,22,0.524,,,,,,,,,,,,,,,,
2006,15,Chicago Bears,16,231,85,0.368,13,9,0.692,50,24,0.480,,,,,,,,,,,,,,,,
2006,16,St. Louis Rams,16,222,83,0.374,18,12,0.667,54,31,0.574,,,,,,,,,,,,,,,,
2006,17,Arizona Cardinals,16,212,83,0.392,15,10,0.667,54,25,0.463,,,,,,,,,,,,,,,,
2006,18,Tampa Bay Buccaneers,16,222,82,0.369,16,4,0.250,37,16,0.432,,,,,,,,,,,,,,,,
2006,19,Atlanta Falcons,16,220,79,0.359,20,8,0.400,47,20,0.426,,,,,,,,,,,,,,,,
2006,20,Washington Redskins,16,211,79,0.374,13,6,0.462,42,21,0.500,,,,,,,,,,,,,,,,
2006,21,Denver Broncos,16,211,78,0.370,13,7,0.538,44,24,0.545,,,,,,,,,,,,,,,,
2006,22,Oakland Raiders,16,212,77,0.363,21,7,0.333,35,10,0.286,,,,,,,,,,,,,,,,
2006,23,Minnesota Vikings,16,233,77,0.330,21,15,0.714,42,19,0.452,,,,,,,,,,,,,,,,
2006,24,New York Giants,16,203,77,0.379,15,7,0.467,51,27,0.529,,,,,,,,,,,,,,,,
2006,25,Houston Texans,16,198,77,0.389,13,9,0.692,42,24,0.571,,,,,,,,,,,,,,,,
2006,26,Cincinnati Bengals,16,201,72,0.358,9,6,0.667,52,30,0.577,,,,,,,,,,,,,,,,
2006,27,San Francisco 49ers,16,209,72,0.344,11,6,0.545,48,20,0.417,,,,,,,,,,,,,,,,
2006,28,Cleveland Browns,16,209,70,0.335,15,6,0.400,39,19,0.487,,,,,,,,,,,,,,,,
2006,29,Tennessee Titans,16,205,67,0.327,17,7,0.412,38,17,0.447,,,,,,,,,,,,,,,,
2006,30,Carolina Panthers,16,209,65,0.311,9,3,0.333,32,15,0.469,,,,,,,,,,,,,,,,
2006,31,Buffalo Bills,16,199,63,0.317,11,5,0.455,35,15,0.429,,,,,,,,,,,,,,,,
2006,32,Detroit Lions,16,190,62,0.326,22,9,0.409,45,18,0.400,,,,,,,,,,,,,,,,
2007,1,Pittsburgh Steelers,16,220,103,0.468,13,7,0.538,55,32,0.582,,,,,,,,,,,,,,,,
2007,2,Indianapolis Colts,16,203,100,0.493,10,6,0.600,69,39,0.565,,,,,,,,,,,,,,,,
2007,3,Jacksonville Jaguars,16,219,100,0.457,33,19,0.576,58,33,0.569,,,,,,,,,,,,,,,,
2007,4,New Orleans Saints,16,214,99,0.463,25,11,0.440,50,36,0.720,,,,,,,,,,,,,,,,
2007,5,Philadelphia Eagles,16,229,97,0.424,15,9,0.600,51,23,0.451,,,,,,,,,,,,,,,,
2007,6,Cincinnati Bengals,16,208,96,0.462,12,4,0.333,56,27,0.482,,,,,,,,,,,,,,,,
2007,7,Washington Redskins,16,226,92,0.407,15,6,0.400,55,27,0.491,,,,,,,,,,,,,,,,
2007,8,New England Patriots,16,191,92,0.482,21,15,0.714,72,50,0.694,,,,,,,,,,,,,,,,
2007,9,New York Giants,16,219,91,0.416,17,6,0.353,55,30,0.545,,,,,,,,,,,,,,,,
2007,10,Baltimore Ravens,16,234,90,0.385,21,11,0.524,45,19,0.422,,,,,,,,,,,,,,,,
2007,11,Tennessee Titans,16,217,89,0.410,11,2,0.182,55,20,0.364,,,,,,,,,,,,,,,,
2007,12,Green Bay Packers,16,202,86,0.426,11,5,0.455,50,27,0.540,,,,,,,,,,,,,,,,
2007,13,Houston Texans,16,193,86,0.446,15,11,0.733,46,28,0.609,,,,,,,,,,,,,,,,
2007,14,Atlanta Falcons,16,237,86,0.363,19,7,0.368,43,17,0.395,,,,,,,,,,,,,,,,
2007,15,Cleveland Browns,16,204,86,0.422,15,6,0.400,55,30,0.545,,,,,,,,,,,,,,,,
2007,16,Carolina Panthers,16,235,85,0.362,14,6,0.429,40,20,0.500,,,,,,,,,,,,,,,,
2007,17,New York Jets,16,226,85,0.376,21,10,0.476,49,18,0.367,,,,,,,,,,,,,,,,
2007,18,Dallas Cowboys,16,199,84,0.422,14,10,0.714,56,30,0.536,,,,,,,,,,,,,,,,
2007,19,San Diego Chargers,16,214,84,0.393,10,6,0.600,52,29,0.558,,,,,,,,,,,,,,,,
2007,20,Tampa Bay Buccaneers,16,213,82,0.385,13,5,0.385,46,20,0.435,,,,,,,,,,,,,,,,
2007,21,Oakland Raiders,16,229,82,0.358,24,10,0.417,35,21,0.600,,,,,,,,,,,,,,,,
2007,22,St. Louis Rams,16,223,81,0.363,20,7,0.350,39,17,0.436,,,,,,,,,,,,,,,,
2007,23,Chicago Bears,16,238,81,0.340,16,7,0.438,44,18,0.409,,,,,,,,,,,,,,,,
2007,24,Miami Dolphins,16,218,81,0.372,22,13,0.591,39,20,0.513,,,,,,,,,,,,,,,,
2007,25,Denver Broncos,16,198,80,0.404,22,7,0.318,51,25,0.490,,,,,,,,,,,,,,,,
2007,26,Kansas City Chiefs,16,232,79,0.341,18,13,0.722,35,17,0.486,,,,,,,,,,,,,,,,
2007,27,Arizona Cardinals,16,203,75,0.369,14,12,0.857,50,34,0.680,,,,,,,,,,,,,,,,
2007,28,Seattle Seahawks,16,214,75,0.350,14,6,0.429,49,28,0.571,,,,,,,,,,,,,,,,
2007,29,Minnesota Vikings,16,200,69,0.345,13,7,0.538,35,21,0.600,,,,,,,,,,,,,,,,
2007,30,San Francisco 49ers,16,220,69,0.314,17,5,0.294,29,15,0.517,,,,,,,,,,,,,,,,
2007,31,Buffalo Bills,16,195,65,0.333,18,8,0.444,34,13,0.382,,,,,,,,,,,,,,,,
2007,32,Detroit Lions,16,190,62,0.326,10,4,0.400,50,25,0.500,,,,,,,,,,,,,,,,
2008,1,Indianapolis Colts,16,201,101,0.502,16,11,0.688,50,34,0.680,,,,,,,,,,,,,,,,
2008,2,Green Bay Packers,16,224,99,0.442,18,8,0.444,48,29,0.604,,,,,,,,,,,,,,,,
2008,3,New Orleans Saints,16,200,97,0.485,18,10,0.556,62,38,0.613,,,,,,,,,,,,,,,,
2008,4,New England Patriots,16,222,96,0.432,22,17,0.773,65,33,0.508,,,,,,,,,,,,,,,,
2008,5,Atlanta Falcons,16,219,95,0.434,13,6,0.462,56,31,0.554,,,,,,,,,,,,,,,,
2008,6,Baltimore Ravens,16,232,95,0.409,11,7,0.636,51,24,0.471,,,,,,,,,,,,,,,,
2008,7,Denver Broncos,16,200,95,0.475,10,4,0.400,55,30,0.545,,,,,,,,,,,,,,,,
2008,8,Philadelphia Eagles,16,225,93,0.413,9,4,0.444,63,31,0.492,,,,,,,,,,,,,,,,
2008,9,Pittsburgh Steelers,16,224,92,0.411,12,3,0.250,49,27,0.551,,,,,,,,,,,,,,,,
2008,10,Dallas Cowboys,16,212,91,0.429,12,7,0.583,44,26,0.591,,,,,,,,,,,,,,,,
2008,11,San Diego Chargers,16,194,89,0.459,11,8,0.727,65,37,0.569,,,,,,,,,,,,,,,,
2008,12,Tampa Bay Buccaneers,16,229,88,0.384,18,10,0.556,56,22,0.393,,,,,,,,,,,,,,,,
2008,13,New York Giants,16,204,88,0.431,11,5,0.455,69,35,0.507,,,,,,,,,,,,,,,,
2008,14,Jacksonville Jaguars,16,213,87,0.408,24,14,0.583,45,25,0.556,,,,,,,,,,,,,,,,
2008,15,Minnesota Vikings,16,218,86,0.394,18,9,0.500,44,19,0.432,,,,,,,,,,,,,,,,
2008,16,Arizona Cardinals,16,198,83,0.419,16,8,0.500,65,38,0.585,,,,,,,,,,,,,,,,
2008,17,Houston Texans,16,197,83,0.421,23,14,0.609,61,28,0.459,,,,,,,,,,,,,,,,
2008,18,Kansas City Chiefs,16,214,82,0.383,18,7,0.389,45,26,0.578,,,,,,,,,,,,,,,,
2008,19,Cincinnati Bengals,16,236,82,0.347,14,7,0.500,33,15,0.455,,,,,,,,,,,,,,,,
2008,20,Buffalo Bills,16,203,81,0.399,16,7,0.438,52,25,0.481,,,,,,,,,,,,,,,,
2008,21,New York Jets,16,197,81,0.411,16,9,0.563,62,33,0.532,,,,,,,,,,,,,,,,
2008,22,Tennessee Titans,16,216,78,0.361,11,5,0.455,45,28,0.622,,,,,,,,,,,,,,,,
2008,23,Chicago Bears,16,219,78,0.356,14,6,0.429,50,28,0.560,,,,,,,,,,,,,,,,
2008,24,Carolina Panthers,16,197,78,0.396,8,3,0.375,49,32,0.653,,,,,,,,,,,,,,,,
2008,25,Washington Redskins,16,216,76,0.352,16,10,0.625,48,23,0.479,,,,,,,,,,,,,,,,
2008,26,San Francisco 49ers,16,198,75,0.379,11,5,0.455,52,27,0.519,,,,,,,,,,,,,,,,
2008,27,Cleveland Browns,16,212,72,0.340,14,6,0.429,38,14,0.368,,,,,,,,,,,,,,,,
2008,28,Miami Dolphins,16,192,71,0.370,15,10,0.667,45,27,0.600,,,,,,,,,,,,,,,,
2008,29,St. Louis Rams,16,216,69,0.319,23,11,0.478,29,10,0.345,,,,,,,,,,,,,,,,
2008,30,Seattle Seahawks,16,198,62,0.313,12,10,0.833,42,21,0.500,,,,,,,,,,,,,,,,
2008,31,Oakland Raiders,16,214,61,0.285,21,9,0.429,37,15,0.405,,,,,,,,,,,,,,,,
2008,32,Detroit Lions,16,205,59,0.288,20,10,0.500,31,19,0.613,,,,,,,,,,,,,,,,
2009,1,Miami Dolphins,16,245,120,0.490,18,13,0.722,54,33,0.611,,,,,,,,,,,,,,,,
2009,2,Green Bay Packers,16,219,103,0.470,9,3,0.333,62,34,0.548,,,,,,,,,,,,,,,,
2009,3,Jacksonville Jaguars,16,226,102,0.451,21,12,0.571,47,24,0.511,,,,,,,,,,,,,,,,
2009,4,Minnesota Vikings,16,223,100,0.448,12,8,0.667,69,43,0.623,,,,,,,,,,,,,,,,
2009,5,Indianapolis Colts,16,193,95,0.492,11,5,0.455,53,35,0.660,,,,,,,,,,,,,,,,
2009,6,Cincinnati Bengals,16,229,93,0.406,14,10,0.714,50,25,0.500,,,,,,,,,,,,,,,,
2009,7,Atlanta Falcons,16,216,91,0.421,23,16,0.696,56,29,0.518,,,,,,,,,,,,,,,,
2009,8,New York Giants,16,210,90,0.429,15,9,0.600,56,27,0.482,,,,,,,,,,,,,,,,
2009,9,New England Patriots,16,206,90,0.437,22,11,0.500,65,34,0.523,,,,,,,,,,,,,,,,
2009,10,Baltimore Ravens,16,214,89,0.416,13,6,0.462,57,30,0.526,,,,,,,,,,,,,,,,
2009,11,Tennessee Titans,16,214,89,0.416,22,12,0.545,39,22,0.564,,,,,,,,,,,,,,,,
2009,12,New Orleans Saints,16,197,88,0.447,15,6,0.400,71,41,0.577,,,,,,,,,,,,,,,,
2009,13,Washington Redskins,16,216,86,0.398,22,7,0.318,46,26,0.565,,,,,,,,,,,,,,,,
2009,14,New York Jets,16,232,86,0.371,20,15,0.750,49,24,0.490,,,,,,,,,,,,,,,,
2009,15,Detroit Lions,16,234,84,0.359,26,7,0.269,36,17,0.472,,,,,,,,,,,,,,,,
2009,16,San Diego Chargers,16,187,83,0.444,10,5,0.500,63,34,0.540,,,,,,,,,,,,,,,,
2009,17,Houston Texans,16,204,82,0.402,12,8,0.667,63,33,0.524,,,,,,,,,,,,,,,,
2009,18,Dallas Cowboys,16,202,82,0.406,11,4,0.364,50,26,0.520,,,,,,,,,,,,,,,,
2009,19,Carolina Panthers,16,220,82,0.373,20,9,0.450,40,20,0.500,,,,,,,,,,,,,,,,
2009,20,Chicago Bears,16,217,81,0.373,18,7,0.389,51,24,0.471,,,,,,,,,,,,,,,,
2009,21,Pittsburgh Steelers,16,203,80,0.394,12,8,0.667,56,27,0.482,,,,,,,,,,,,,,,,
2009,22,Denver Broncos,16,215,78,0.363,18,7,0.389,52,25,0.481,,,,,,,,,,,,,,,,
2009,23,Cleveland Browns,16,233,76,0.326,15,10,0.667,39,17,0.436,,,,,,,,,,,,,,,,
2009,24,Philadelphia Eagles,16,207,75,0.362,14,6,0.429,52,25,0.481,,,,,,,,,,,,,,,,
2009,25,Seattle Seahawks,16,225,75,0.333,19,8,0.421,48,19,0.396,,,,,,,,,,,,,,,,
2009,26,St. Louis Rams,16,226,73,0.323,28,10,0.357,34,11,0.324,,,,,,,,,,,,,,,,
2009,27,Tampa Bay Buccaneers,16,218,71,0.326,22,9,0.409,31,16,0.516,,,,,,,,,,,,,,,,
2009,28,Arizona Cardinals,16,190,69,0.363,9,5,0.556,54,38,0.704,,,,,,,,,,,,,,,,
2009,29,San Francisco 49ers,16,218,65,0.298,21,12,0.571,39,23,0.590,,,,,,,,,,,,,,,,
2009,30,Oakland Raiders,16,213,63,0.296,21,10,0.476,29,12,0.414,,,,,,,,,,,,,,,,
2009,31,Kansas City Chiefs,16,227,62,0.273,29,14,0.483,38,18,0.474,,,,,,,,,,,,,,,,
2009,32,Buffalo Bills,16,198,51,0.258,15,7,0.467,38,12,0.316,,,,,,,,,,,,,,,,
2010,1,Atlanta Falcons,16,240,112,0.467,15,11,0.733,58,35,0.603,,,,,,,,,,,,,,,,
2010,2,New Orleans Saints,16,217,106,0.488,11,5,0.455,61,31,0.508,,,,,,,,,,,,,,,,
2010,3,Detroit Lions,16,242,97,0.401,16,10,0.625,45,29,0.644,,,,,,,,,,,,,,,,
2010,4,New England Patriots,16,197,95,0.482,14,7,0.500,67,42,0.627,,,,,,,,,,,,,,,,
2010,5,Pittsburgh Steelers,16,218,94,0.431,5,2,0.400,50,24,0.480,,,,,,,,,,,,,,,,
2010,6,New York Jets,16,235,93,0.396,14,5,0.357,50,20,0.400,,,,,,,,,,,,,,,,
2010,7,San Diego Chargers,16,205,92,0.449,13,5,0.385,59,33,0.559,,,,,,,,,,,,,,,,
2010,8,Miami Dolphins,16,230,92,0.400,10,3,0.300,34,18,0.529,,,,,,,,,,,,,,,,
2010,9,Indianapolis Colts,16,204,91,0.446,8,5,0.625,56,38,0.679,,,,,,,,,,,,,,,,
2010,10,Tampa Bay Buccaneers,16,211,89,0.422,14,10,0.714,44,23,0.523,,,,,,,,,,,,,,,,
2010,11,Cincinnati Bengals,16,224,87,0.388,19,13,0.684,55,27,0.491,,,,,,,,,,,,,,,,
2010,12,Dallas Cowboys,16,211,86,0.408,22,13,0.591,47,28,0.596,,,,,,,,,,,,,,,,
2010,13,Philadelphia Eagles,16,214,85,0.397,13,9,0.692,58,31,0.534,,,,,,,,,,,,,,,,
2010,14,Green Bay Packers,16,205,85,0.415,13,5,0.385,53,32,0.604,,,,,,,,,,,,,,,,
2010,15,Kansas City Chiefs,16,226,83,0.367,23,10,0.435,52,31,0.596,,,,,,,,,,,,,,,,
2010,16,Baltimore Ravens,16,210,82,0.390,10,4,0.400,51,25,0.490,,,,,,,,,,,,,,,,
2010,17,Jacksonville Jaguars,16,203,81,0.399,25,16,0.640,46,29,0.630,,,,,,,,,,,,,,,,
2010,18,Buffalo Bills,16,211,80,0.379,24,11,0.458,37,19,0.514,,,,,,,,,,,,,,,,
2010,19,Houston Texans,16,192,79,0.411,19,9,0.474,53,33,0.623,,,,,,,,,,,,,,,,
2010,20,St. Louis Rams,16,235,78,0.332,15,8,0.533,56,20,0.357,,,,,,,,,,,,,,,,
2010,21,Seattle Seahawks,16,214,76,0.355,17,6,0.353,50,21,0.420,,,,,,,,,,,,,,,,
2010,22,Cleveland Browns,16,202,75,0.371,7,5,0.714,42,19,0.452,,,,,,,,,,,,,,,,
2010,23,Oakland Raiders,16,220,75,0.341,20,8,0.400,48,25,0.521,,,,,,,,,,,,,,,,
2010,24,New York Giants,16,206,74,0.359,11,3,0.273,54,31,0.574,,,,,,,,,,,,,,,,
2010,25,Minnesota Vikings,16,205,71,0.346,17,8,0.471,46,20,0.435,,,,,,,,,,,,,,,,
2010,26,Tennessee Titans,16,204,71,0.348,14,8,0.571,43,25,0.581,,,,,,,,,,,,,,,,
2010,27,Carolina Panthers,16,227,69,0.304,23,10,0.435,33,10,0.303,,,,,,,,,,,,,,,,
2010,28,San Francisco 49ers,16,213,68,0.319,16,8,0.500,42,20,0.476,,,,,,,,,,,,,,,,
2010,29,Denver Broncos,16,207,67,0.324,19,6,0.316,52,29,0.558,,,,,,,,,,,,,,,,
2010,30,Chicago Bears,16,195,64,0.328,7,2,0.286,51,23,0.451,,,,,,,,,,,,,,,,
2010,31,Washington Redskins,16,208,61,0.293,12,6,0.500,43,22,0.512,,,,,,,,,,,,,,,,
2010,32,Arizona Cardinals,16,209,58,0.278,18,7,0.389,37,16,0.432,,,,,,,,,,,,,,,,
2011,1,New Orleans Saints,16,208,118,0.567,10,3,0.300,75,44,0.587,,,,,,,,,,,,,,,,
2011,2,San Diego Chargers,16,211,103,0.488,11,4,0.364,54,29,0.537,,,,,,,,,,,,,,,,
2011,3,Atlanta Falcons,16,224,99,0.442,13,4,0.308,59,31,0.525,,,,,,,,,,,,,,,,
2011,4,Baltimore Ravens,16,229,97,0.424,7,4,0.571,49,25,0.510,,,,,,,,,,,,,,,,
2011,5,Houston Texans,16,224,93,0.415,11,3,0.273,60,28,0.467,,,,,,,,,,,,,,,,
2011,6,Cleveland Browns,16,238,92,0.387,18,10,0.556,31,13,0.419,,,,,,,,,,,,,,,,
2011,7,Green Bay Packers,16,189,91,0.481,8,4,0.500,66,43,0.652,,,,,,,,,,,,,,,,
2011,8,Pittsburgh Steelers,16,196,90,0.459,8,3,0.375,53,27,0.509,,,,,,,,,,,,,,,,
2011,9,New England Patriots,16,194,89,0.459,11,7,0.636,72,47,0.653,,,,,,,,,,,,,,,,
2011,10,Philadelphia Eagles,16,205,85,0.415,15,7,0.467,66,34,0.515,,,,,,,,,,,,,,,,
2011,11,Minnesota Vikings,16,216,83,0.384,18,7,0.389,53,30,0.566,,,,,,,,,,,,,,,,
2011,12,Washington Redskins,16,219,81,0.370,13,4,0.308,51,21,0.412,,,,,,,,,,,,,,,,
2011,13,Kansas City Chiefs,16,225,81,0.360,17,7,0.412,36,12,0.333,,,,,,,,,,,,,,,,
2011,14,Jacksonville Jaguars,16,241,81,0.336,17,6,0.353,35,17,0.486,,,,,,,,,,,,,,,,
2011,15,Cincinnati Bengals,16,219,80,0.365,10,4,0.400,51,23,0.451,,,,,,,,,,,,,,,,
2011,16,Tennessee Titans,16,218,80,0.367,14,10,0.714,37,22,0.595,,,,,,,,,,,,,,,,
2011,17,Dallas Cowboys,16,198,78,0.394,10,5,0.500,51,25,0.490,,,,,,,,,,,,,,,,
2011,18,Seattle Seahawks,16,228,77,0.338,15,7,0.467,46,22,0.478,,,,,,,,,,,,,,,,
2011,19,New York Giants,16,206,77,0.374,13,4,0.308,56,32,0.571,,,,,,,,,,,,,,,,
2011,20,Detroit Lions,16,212,76,0.358,14,8,0.571,58,37,0.638,,,,,,,,,,,,,,,,
2011,21,Tampa Bay Buccaneers,16,206,76,0.369,21,8,0.381,38,19,0.500,,,,,,,,,,,,,,,,
2011,22,Carolina Panthers,16,185,75,0.405,10,6,0.600,57,33,0.579,,,,,,,,,,,,,,,,
2011,23,Indianapolis Colts,16,214,74,0.346,11,4,0.364,38,16,0.421,,,,,,,,,,,,,,,,
2011,24,New York Jets,16,213,74,0.347,11,4,0.364,55,36,0.655,,,,,,,,,,,,,,,,
2011,25,Oakland Raiders,16,199,71,0.357,13,7,0.538,47,24,0.511,,,,,,,,,,,,,,,,
2011,26,Miami Dolphins,16,207,69,0.333,16,6,0.375,53,25,0.472,,,,,,,,,,,,,,,,
2011,27,Chicago Bears,16,203,66,0.325,8,2,0.250,38,20,0.526,,,,,,,,,,,,,,,,
2011,28,Arizona Cardinals,16,205,66,0.322,15,9,0.600,45,23,0.511,,,,,,,,,,,,,,,,
2011,29,Denver Broncos,16,214,66,0.308,13,3,0.231,36,17,0.472,,,,,,,,,,,,,,,,
2011,30,San Francisco 49ers,16,221,65,0.294,14,9,0.643,54,22,0.407,,,,,,,,,,,,,,,,
2011,31,St. Louis Rams,16,228,64,0.281,23,8,0.348,31,12,0.387,,,,,,,,,,,,,,,,
2011,32,Buffalo Bills,16,191,62,0.325,22,9,0.409,53,28,0.528,,,,,,,,,,,,,,,,
2012,1,New England Patriots,16,226,110,0.487,12,8,0.667,70,49,0.700,,,,,,,,,,,,,,,,
2012,2,Indianapolis Colts,16,229,98,0.428,8,7,0.875,48,26,0.542,,,,,,,,,,,,,,,,
2012,3,Detroit Lions,16,228,97,0.425,15,6,0.400,55,33,0.600,,,,,,,,,,,,,,,,
2012,4,Denver Broncos,16,213,96,0.451,5,3,0.600,66,39,0.591,,,,,,,,,,,,,,,,
2012,5,Pittsburgh Steelers,16,224,94,0.420,13,6,0.462,49,27,0.551,,,,,,,,,,,,,,,,
2012,6,Dallas Cowboys,16,212,93,0.439,11,8,0.727,49,25,0.510,,,,,,,,,,,,,,,,
2012,7,Atlanta Falcons,16,204,92,0.451,8,2,0.250,63,37,0.587,,,,,,,,,,,,,,,,
2012,8,New Orleans Saints,16,207,91,0.440,14,8,0.571,57,39,0.684,,,,,,,,,,,,,,,,
2012,9,Green Bay Packers,16,213,90,0.423,13,7,0.538,47,32,0.681,,,,,,,,,,,,,,,,
2012,10,Carolina Panthers,16,204,88,0.431,9,3,0.333,46,27,0.587,,,,,,,,,,,,,,,,
2012,11,Houston Texans,16,221,83,0.376,7,4,0.571,57,32,0.561,,,,,,,,,,,,,,,,
2012,12,Tennessee Titans,16,217,83,0.382,15,5,0.333,36,18,0.500,,,,,,,,,,,,,,,,
2012,13,Philadelphia Eagles,16,222,83,0.374,24,14,0.583,50,22,0.440,,,,,,,,,,,,,,,,
2012,14,San Diego Chargers,16,217,82,0.378,11,6,0.545,47,22,0.468,,,,,,,,,,,,,,,,
2012,15,Baltimore Ravens,16,217,80,0.369,14,6,0.429,49,28,0.571,,,,,,,,,,,,,,,,
2012,16,Seattle Seahawks,16,199,80,0.402,18,11,0.611,54,31,0.574,,,,,,,,,,,,,,,,
2012,17,Chicago Bears,16,219,80,0.365,13,5,0.385,46,23,0.500,,,,,,,,,,,,,,,,
2012,18,New York Jets,16,217,80,0.369,14,7,0.500,47,23,0.489,,,,,,,,,,,,,,,,
2012,19,Miami Dolphins,16,207,78,0.377,15,5,0.333,38,21,0.553,,,,,,,,,,,,,,,,
2012,20,Minnesota Vikings,16,210,78,0.371,11,7,0.636,52,28,0.538,,,,,,,,,,,,,,,,
2012,21,New York Giants,16,192,78,0.406,10,5,0.500,62,34,0.548,,,,,,,,,,,,,,,,
2012,22,Buffalo Bills,16,198,77,0.389,8,5,0.625,48,24,0.500,,,,,,,,,,,,,,,,
2012,23,Oakland Raiders,16,220,77,0.350,16,4,0.250,42,18,0.429,,,,,,,,,,,,,,,,
2012,24,Tampa Bay Buccaneers,16,212,76,0.358,17,7,0.412,47,28,0.596,,,,,,,,,,,,,,,,
2012,25,Cincinnati Bengals,16,217,74,0.341,16,11,0.688,57,31,0.544,,,,,,,,,,,,,,,,
2012,26,Kansas City Chiefs,16,212,70,0.330,15,7,0.467,37,10,0.270,,,,,,,,,,,,,,,,
2012,27,San Francisco 49ers,16,194,68,0.351,12,8,0.667,55,28,0.509,,,,,,,,,,,,,,,,
2012,28,Washington Redskins,16,190,68,0.358,17,12,0.706,53,32,0.604,,,,,,,,,,,,,,,,
2012,29,St. Louis Rams,16,209,67,0.321,24,13,0.542,37,19,0.514,,,,,,,,,,,,,,,,
2012,30,Cleveland Browns,16,218,67,0.307,16,7,0.438,39,17,0.436,,,,,,,,,,,,,,,,
2012,31,Jacksonville Jaguars,16,216,64,0.296,26,8,0.308,36,16,0.444,,,,,,,,,,,,,,,,
2012,32,Arizona Cardinals,16,230,58,0.252,24,10,0.417,40,16,0.400,,,,,,,,,,,,,,,,
2013,1,San Diego Chargers,16,206,101,0.490,6,5,0.833,59,30,0.508,,,,,,,,,,,,,,,,
2013,2,New Orleans Saints,16,221,97,0.439,19,9,0.474,57,32,0.561,,,,,,,,,,,,,,,,
2013,3,Washington Redskins,16,235,95,0.404,20,6,0.300,50,26,0.520,,,,,,,,,,,,,,,,
2013,4,Denver Broncos,16,205,95,0.463,9,8,0.889,67,51,0.761,,,,,,,,,,,,,,,,
2013,5,Detroit Lions,16,221,95,0.430,14,5,0.357,56,35,0.625,,,,,,,,,,,,,,,,
2013,6,Tennessee Titans,16,227,94,0.414,17,11,0.647,49,28,0.571,,,,,,,,,,,,,,,,
2013,7,Cincinnati Bengals,16,225,92,0.409,21,12,0.571,46,34,0.739,,,,,,,,,,,,,,,,
2013,8,Baltimore Ravens,16,253,92,0.364,16,6,0.375,52,24,0.462,,,,,,,,,,,,,,,,
2013,9,Carolina Panthers,16,208,91,0.438,13,10,0.769,50,29,0.580,,,,,,,,,,,,,,,,
2013,10,New York Jets,16,231,90,0.390,8,1,0.125,42,21,0.500,,,,,,,,,,,,,,,,
2013,11,Atlanta Falcons,16,207,89,0.430,14,6,0.429,52,27,0.519,,,,,,,,,,,,,,,,
2013,12,Green Bay Packers,16,216,89,0.412,13,9,0.692,65,33,0.508,,,,,,,,,,,,,,,,
2013,13,Buffalo Bills,16,244,83,0.340,14,4,0.286,44,21,0.477,,,,,,,,,,,,,,,,
2013,14,Philadelphia Eagles,16,213,83,0.390,14,7,0.500,57,30,0.526,,,,,,,,,,,,,,,,
2013,15,New England Patriots,16,221,83,0.376,15,7,0.467,65,36,0.554,,,,,,,,,,,,,,,,
2013,16,Chicago Bears,16,197,83,0.421,13,8,0.615,60,35,0.583,,,,,,,,,,,,,,,,
2013,17,Cleveland Browns,16,237,83,0.350,31,14,0.452,36,19,0.528,,,,,,,,,,,,,,,,
2013,18,Houston Texans,16,231,83,0.359,17,6,0.353,40,20,0.500,,,,,,,,,,,,,,,,
2013,19,Pittsburgh Steelers,16,216,82,0.380,15,9,0.600,53,28,0.528,,,,,,,,,,,,,,,,
2013,20,Indianapolis Colts,16,213,80,0.376,10,3,0.300,50,28,0.560,,,,,,,,,,,,,,,,
2013,21,Oakland Raiders,16,223,78,0.350,12,7,0.583,42,25,0.595,,,,,,,,,,,,,,,,
2013,22,Minnesota Vikings,16,214,78,0.364,19,10,0.526,48,25,0.521,,,,,,,,,,,,,,,,
2013,23,San Francisco 49ers,16,211,77,0.365,11,7,0.636,55,31,0.564,,,,,,,,,,,,,,,,
2013,24,Miami Dolphins,16,217,76,0.350,12,3,0.250,46,26,0.565,,,,,,,,,,,,,,,,
2013,25,Seattle Seahawks,16,204,76,0.373,11,6,0.545,57,32,0.561,,,,,,,,,,,,,,,,
2013,26,Arizona Cardinals,16,210,74,0.352,9,5,0.556,50,26,0.520,,,,,,,,,,,,,,,,
2013,27,Kansas City Chiefs,16,213,74,0.347,11,4,0.364,57,33,0.579,,,,,,,,,,,,,,,,
2013,28,St. Louis Rams,16,212,73,0.344,18,6,0.333,49,25,0.510,,,,,,,,,,,,,,,,
2013,29,Jacksonville Jaguars,16,225,70,0.311,30,13,0.433,41,18,0.439,,,,,,,,,,,,,,,,
2013,30,New York Giants,16,211,69,0.327,12,6,0.500,36,17,0.472,,,,,,,,,,,,,,,,
2013,31,Tampa Bay Buccaneers,16,221,69,0.312,22,8,0.364,37,19,0.514,,,,,,,,,,,,,,,,
2013,32,Dallas Cowboys,16,180,63,0.350,6,4,0.667,51,35,0.686,,,,,,,,,,,,,,,,
2014,1,Philadelphia Eagles,16,237,103,0.435,11,7,0.636,59,29,0.492,,,,,,,,,,,,,,,,
2014,2,New York Giants,16,235,101,0.430,16,5,0.313,61,36,0.590,,,,,,,,,,,,,,,,
2014,3,New England Patriots,16,221,98,0.443,13,7,0.538,67,39,0.582,,,,,,,,,,,,,,,,
2014,4,New Orleans Saints,16,203,98,0.483,15,8,0.533,65,39,0.600,,,,,,,,,,,,,,,,
2014,5,San Diego Chargers,16,215,97,0.451,11,5,0.455,48,26,0.542,,,,,,,,,,,,,,,,
2014,6,Dallas Cowboys,16,201,95,0.473,6,3,0.500,51,33,0.647,,,,,,,,,,,,,,,,
2014,7,Denver Broncos,16,213,94,0.441,13,6,0.462,62,39,0.629,,,,,,,,,,,,,,,,
2014,8,Green Bay Packers,16,197,93,0.472,10,4,0.400,64,37,0.578,,,,,,,,,,,,,,,,
2014,9,Atlanta Falcons,16,210,93,0.443,16,8,0.500,44,27,0.614,,,,,,,,,,,,,,,,
2014,10,Pittsburgh Steelers,16,208,93,0.447,10,5,0.500,55,29,0.527,,,,,,,,,,,,,,,,
2014,11,Carolina Panthers,16,222,93,0.419,10,6,0.600,47,22,0.468,,,,,,,,,,,,,,,,
2014,12,Houston Texans,16,235,91,0.387,17,10,0.588,48,26,0.542,,,,,,,,,,,,,,,,
2014,13,New York Jets,16,234,91,0.389,16,9,0.563,47,17,0.362,,,,,,,,,,,,,,,,
2014,14,Arizona Cardinals,16,224,90,0.402,4,3,0.750,38,16,0.421,,,,,,,,,,,,,,,,
2014,15,Seattle Seahawks,16,212,90,0.425,11,3,0.273,60,31,0.517,,,,,,,,,,,,,,,,
2014,16,Indianapolis Colts,16,217,89,0.410,15,6,0.400,60,33,0.550,,,,,,,,,,,,,,,,
2014,17,Detroit Lions,16,223,86,0.386,20,10,0.500,47,25,0.532,,,,,,,,,,,,,,,,
2014,18,San Francisco 49ers,16,213,86,0.404,18,10,0.556,44,19,0.432,,,,,,,,,,,,,,,,
2014,19,Baltimore Ravens,16,205,84,0.410,18,9,0.500,63,33,0.524,,,,,,,,,,,,,,,,
2014,20,Cincinnati Bengals,16,211,84,0.398,13,7,0.538,49,28,0.571,,,,,,,,,,,,,,,,
2014,21,Buffalo Bills,16,229,84,0.367,14,6,0.429,51,22,0.431,,,,,,,,,,,,,,,,
2014,22,Minnesota Vikings,16,211,82,0.389,12,6,0.500,39,21,0.538,,,,,,,,,,,,,,,,
2014,23,Miami Dolphins,16,200,80,0.400,19,7,0.368,68,35,0.515,,,,,,,,,,,,,,,,
2014,24,Oakland Raiders,16,236,80,0.339,15,9,0.600,29,21,0.724,,,,,,,,,,,,,,,,
2014,25,Kansas City Chiefs,16,201,80,0.398,12,5,0.417,48,28,0.583,,,,,,,,,,,,,,,,
2014,26,Chicago Bears,16,207,78,0.377,28,13,0.464,47,30,0.638,,,,,,,,,,,,,,,,
2014,27,Tampa Bay Buccaneers,16,203,76,0.374,12,4,0.333,39,21,0.538,,,,,,,,,,,,,,,,
2014,28,Jacksonville Jaguars,16,216,69,0.319,19,7,0.368,32,13,0.406,,,,,,,,,,,,,,,,
2014,29,St. Louis Rams,16,192,68,0.354,10,4,0.400,44,22,0.500,,,,,,,,,,,,,,,,
2014,30,Washington Redskins,16,197,62,0.315,16,4,0.250,48,23,0.479,,,,,,,,,,,,,,,,
2014,31,Cleveland Browns,16,207,61,0.295,14,5,0.357,49,24,0.490,,,,,,,,,,,,,,,,
2014,32,Tennessee Titans,16,196,59,0.301,17,6,0.353,39,19,0.487,,,,,,,,,,,,,,,,
2015,1,Atlanta Falcons,16,227,107,0.471,19,10,0.526,53,29,0.547,,,,,,,,,,,,,,,,
2015,2,New Orleans Saints,16,218,104,0.477,16,10,0.625,58,35,0.603,,,,,,,,,,,,,,,,
2015,3,Seattle Seahawks,16,213,99,0.465,9,8,0.889,49,27,0.551,,,,,,,,,,,,,,,,
2015,4,San Diego Chargers,16,231,97,0.420,15,5,0.333,44,28,0.636,,,,,,,,,,,,,,,,
2015,5,Houston Texans,16,249,96,0.386,19,6,0.316,45,26,0.578,,,,,,,,,,,,,,,,
2015,6,Cleveland Browns,16,227,95,0.419,24,10,0.417,47,18,0.383,,,,,,,,,,,,,,,,
2015,7,Washington Redskins,16,216,94,0.435,12,7,0.583,49,30,0.612,,,,,,,,,,,,,,,,
2015,8,Indianapolis Colts,16,235,94,0.400,13,7,0.538,49,26,0.531,,,,,,,,,,,,,,,,
2015,9,Chicago Bears,16,219,93,0.425,10,6,0.600,50,24,0.480,,,,,,,,,,,,,,,,
2015,10,Arizona Cardinals,16,198,93,0.470,9,4,0.444,63,38,0.603,,,,,,,,,,,,,,,,
2015,11,New York Jets,16,229,93,0.406,14,6,0.429,53,35,0.660,,,,,,,,,,,,,,,,
2015,12,Philadelphia Eagles,16,230,91,0.396,16,8,0.500,43,24,0.558,,,,,,,,,,,,,,,,
2015,13,New England Patriots,16,215,88,0.409,15,9,0.600,61,40,0.656,,,,,,,,,,,,,,,,
2015,14,Buffalo Bills,16,227,86,0.379,16,7,0.438,38,19,0.500,,,,,,,,,,,,,,,,
2015,15,Oakland Raiders,16,220,86,0.391,13,5,0.385,41,25,0.610,,,,,,,,,,,,,,,,
2015,16,Carolina Panthers,16,203,86,0.424,10,6,0.600,63,43,0.683,,,,,,,,,,,,,,,,
2015,17,Baltimore Ravens,16,226,85,0.376,24,12,0.500,47,23,0.489,,,,,,,,,,,,,,,,
2015,18,Tampa Bay Buccaneers,16,202,84,0.416,13,7,0.538,51,27,0.529,,,,,,,,,,,,,,,,
2015,19,New York Giants,16,217,82,0.378,16,9,0.563,54,24,0.444,,,,,,,,,,,,,,,,
2015,20,Cincinnati Bengals,16,201,81,0.403,12,7,0.583,58,38,0.655,,,,,,,,,,,,,,,,
2015,21,Denver Broncos,16,224,79,0.353,14,7,0.500,44,21,0.477,,,,,,,,,,,,,,,,
2015,22,Minnesota Vikings,16,199,76,0.382,11,5,0.455,44,22,0.500,,,,,,,,,,,,,,,,
2015,23,Kansas City Chiefs,16,199,76,0.382,9,6,0.667,54,31,0.574,,,,,,,,,,,,,,,,
2015,24,Detroit Lions,16,203,75,0.369,14,7,0.500,49,34,0.694,,,,,,,,,,,,,,,,
2015,25,Pittsburgh Steelers,16,193,75,0.389,12,4,0.333,56,34,0.607,,,,,,,,,,,,,,,,
2015,26,Jacksonville Jaguars,16,205,72,0.351,15,8,0.533,54,29,0.537,,,,,,,,,,,,,,,,
2015,27,Green Bay Packers,16,208,70,0.337,21,11,0.524,52,28,0.538,,,,,,,,,,,,,,,,
2015,28,Dallas Cowboys,16,191,66,0.346,16,8,0.500,45,20,0.444,,,,,,,,,,,,,,,,
2015,29,San Francisco 49ers,16,213,65,0.305,19,9,0.474,39,17,0.436,,,,,,,,,,,,,,,,
2015,30,Tennessee Titans,16,201,64,0.318,15,7,0.467,40,26,0.650,,,,,,,,,,,,,,,,
2015,31,Miami Dolphins,16,205,63,0.307,22,8,0.364,43,23,0.535,,,,,,,,,,,,,,,,
2015,32,St. Louis Rams,16,201,52,0.259,13,4,0.308,36,19,0.528,,,,,,,,,,,,,,,,
2016,1,New Orleans Saints,16,220,107,0.486,15,13,0.867,68,45,0.662,,,,,,,,,,,,,,,,
2016,2,New England Patriots,16,227,104,0.458,12,8,0.667,60,38,0.633,,,,,,,,,,,,,,,,
2016,3,Tennessee Titans,16,217,100,0.461,11,4,0.364,50,36,0.720,,,,,,,,,,,,,,,,
2016,4,Green Bay Packers,16,210,98,0.467,17,7,0.412,66,40,0.606,,,,,,,,,,,,,,,,
2016,5,Tampa Bay Buccaneers,16,214,94,0.439,9,4,0.444,54,28,0.519,,,,,,,,,,,,,,,,
2016,6,Washington Redskins,16,199,90,0.452,14,7,0.500,61,28,0.459,,,,,,,,,,,,,,,,
2016,7,Indianapolis Colts,16,202,87,0.431,18,8,0.444,53,35,0.660,,,,,,,,,,,,,,,,
2016,8,Arizona Cardinals,16,214,87,0.407,10,5,0.500,54,35,0.648,,,,,,,,,,,,,,,,
2016,9,Houston Texans,16,233,87,0.373,23,9,0.391,44,18,0.409,,,,,,,,,,,,,,,,
2016,10,Buffalo Bills,16,210,86,0.410,15,8,0.533,54,35,0.648,,,,,,,,,,,,,,,,
2016,11,Baltimore Ravens,16,233,86,0.369,19,8,0.421,46,24,0.522,,,,,,,,,,,,,,,,
2016,12,San Diego Chargers,16,200,85,0.425,12,6,0.500,62,32,0.516,,,,,,,,,,,,,,,,
2016,13,Philadelphia Eagles,16,224,85,0.379,27,13,0.481,55,27,0.491,,,,,,,,,,,,,,,,
2016,14,Detroit Lions,16,195,83,0.426,10,7,0.700,48,26,0.542,,,,,,,,,,,,,,,,
2016,15,Oakland Raiders,16,218,83,0.381,13,6,0.462,56,32,0.571,,,,,,,,,,,,,,,,
2016,16,Pittsburgh Steelers,16,202,83,0.411,16,9,0.563,49,29,0.592,,,,,,,,,,,,,,,,
2016,17,Carolina Panthers,16,223,83,0.372,17,11,0.647,49,29,0.592,,,,,,,,,,,,,,,,
2016,18,Cincinnati Bengals,16,210,82,0.390,9,7,0.778,54,29,0.537,,,,,,,,,,,,,,,,
2016,19,Minnesota Vikings,16,213,81,0.380,18,8,0.444,50,23,0.460,,,,,,,,,,,,,,,,
2016,20,Kansas City Chiefs,16,213,81,0.380,14,10,0.714,55,25,0.455,,,,,,,,,,,,,,,,
2016,21,Dallas Cowboys,16,189,80,0.423,9,8,0.889,57,38,0.667,,,,,,,,,,,,,,,,
2016,22,Seattle Seahawks,16,207,79,0.382,11,4,0.364,56,26,0.464,,,,,,,,,,,,,,,,
2016,23,New York Giants,16,219,78,0.356,19,9,0.474,43,23,0.535,,,,,,,,,,,,,,,,
2016,24,Jacksonville Jaguars,16,221,78,0.353,16,7,0.438,40,24,0.600,,,,,,,,,,,,,,,,
2016,25,San Francisco 49ers,16,222,78,0.351,19,10,0.526,44,30,0.682,,,,,,,,,,,,,,,,
2016,26,Cleveland Browns,16,212,77,0.363,18,13,0.722,44,24,0.545,,,,,,,,,,,,,,,,
2016,27,New York Jets,16,210,76,0.362,19,8,0.421,54,19,0.352,,,,,,,,,,,,,,,,
2016,28,Atlanta Falcons,16,178,75,0.421,14,8,0.571,63,39,0.619,,,,,,,,,,,,,,,,
2016,29,Denver Broncos,16,219,75,0.342,17,9,0.529,47,22,0.468,,,,,,,,,,,,,,,,
2016,30,Chicago Bears,16,185,70,0.378,14,4,0.286,49,25,0.510,,,,,,,,,,,,,,,,
2016,31,Miami Dolphins,16,188,69,0.367,4,0,0.000,47,26,0.553,,,,,,,,,,,,,,,,
2016,32,Los Angeles Rams,16,213,67,0.315,20,8,0.400,34,16,0.471,,,,,,,,,,,,,,,,
2017,1,Buffalo Bills,16,241,101,0.419,15,2,0.133,44,23,0.523,,,,,,,,,,,,,,,,
2017,2,Philadelphia Eagles,16,230,96,0.417,26,17,0.654,55,36,0.655,,,,,,,,,,,,,,,,
2017,3,Minnesota Vikings,16,216,94,0.435,7,1,0.143,57,33,0.579,,,,,,,,,,,,,,,,
2017,4,Denver Broncos,16,241,94,0.390,20,7,0.350,48,19,0.396,,,,,,,,,,,,,,,,
2017,5,Carolina Panthers,16,222,93,0.419,11,5,0.455,52,28,0.538,,,,,,,,,,,,,,,,
2017,6,Pittsburgh Steelers,16,209,92,0.440,8,3,0.375,63,32,0.508,,,,,,,,,,,,,,,,
2017,7,San Francisco 49ers,16,234,91,0.389,18,8,0.444,51,24,0.471,,,,,,,,,,,,,,,,
2017,8,Los Angeles Rams,16,214,88,0.411,12,5,0.417,69,38,0.551,,,,,,,,,,,,,,,,
2017,9,Atlanta Falcons,16,197,88,0.447,13,4,0.308,54,27,0.500,,,,,,,,,,,,,,,,
2017,10,Indianapolis Colts,16,228,87,0.382,17,8,0.471,40,16,0.400,,,,,,,,,,,,,,,,
2017,11,Dallas Cowboys,16,203,87,0.429,19,10,0.526,52,31,0.596,,,,,,,,,,,,,,,,
2017,12,Tampa Bay Buccaneers,16,196,85,0.434,8,4,0.500,53,26,0.491,,,,,,,,,,,,,,,,
2017,13,Jacksonville Jaguars,16,227,85,0.374,13,10,0.769,50,32,0.640,,,,,,,,,,,,,,,,
2017,14,Los Angeles Chargers,16,209,84,0.402,11,5,0.455,47,22,0.468,,,,,,,,,,,,,,,,
2017,15,Green Bay Packers,16,211,83,0.393,28,15,0.536,42,26,0.619,,,,,,,,,,,,,,,,
2017,16,New England Patriots,16,202,82,0.406,13,8,0.615,70,42,0.600,,,,,,,,,,,,,,,,
2017,17,Arizona Cardinals,16,233,82,0.352,16,7,0.438,48,20,0.417,,,,,,,,,,,,,,,,
2017,18,Oakland Raiders,16,204,82,0.402,24,8,0.333,34,20,0.588,,,,,,,,,,,,,,,,
2017,19,New York Jets,16,228,81,0.355,13,7,0.538,33,18,0.545,,,,,,,,,,,,,,,,
2017,20,Detroit Lions,16,209,81,0.388,9,1,0.111,46,26,0.565,,,,,,,,,,,,,,,,
2017,21,Seattle Seahawks,16,212,79,0.373,9,5,0.556,45,25,0.556,,,,,,,,,,,,,,,,
2017,22,Kansas City Chiefs,16,199,78,0.392,10,3,0.300,50,21,0.420,,,,,,,,,,,,,,,,
2017,23,Houston Texans,16,209,76,0.364,10,5,0.500,42,22,0.524,,,,,,,,,,,,,,,,
2017,24,Baltimore Ravens,16,223,76,0.341,16,10,0.625,52,30,0.577,,,,,,,,,,,,,,,,
2017,25,New York Giants,16,227,74,0.326,21,8,0.381,39,19,0.487,,,,,,,,,,,,,,,,
2017,26,Cleveland Browns,16,216,73,0.338,23,12,0.522,39,19,0.487,,,,,,,,,,,,,,,,
2017,27,New Orleans Saints,16,194,73,0.376,15,12,0.800,55,32,0.582,,,,,,,,,,,,,,,,
2017,28,Tennessee Titans,16,202,71,0.351,10,5,0.500,40,21,0.525,,,,,,,,,,,,,,,,
2017,29,Chicago Bears,16,205,71,0.346,18,7,0.389,33,20,0.606,,,,,,,,,,,,,,,,
2017,30,Cincinnati Bengals,16,199,67,0.337,12,5,0.417,43,24,0.558,,,,,,,,,,,,,,,,
2017,31,Washington Redskins,16,204,66,0.324,16,9,0.563,46,25,0.543,,,,,,,,,,,,,,,,
2017,32,Miami Dolphins,16,202,64,0.317,24,7,0.292,38,20,0.526,,,,,,,,,,,,,,,,
2018,1,Indianapolis Colts,16,214,104,0.486,15,7,0.467,64,44,0.688,,,,,,,,,,,,,,,,
2018,2,Baltimore Ravens,16,231,104,0.450,22,13,0.591,59,33,0.559,,,,,,,,,,,,,,,,
2018,3,Jacksonville Jaguars,16,230,93,0.404,17,8,0.471,34,15,0.441,,,,,,,,,,,,,,,,
2018,4,Atlanta Falcons,16,203,92,0.453,19,10,0.526,50,32,0.640,,,,,,,,,,,,,,,,
2018,5,Dallas Cowboys,16,215,89,0.414,21,12,0.571,50,24,0.480,,,,,,,,,,,,,,,,
2018,6,Pittsburgh Steelers,16,198,88,0.444,14,9,0.643,49,36,0.735,,,,,,,,,,,,,,,,
2018,7,Tampa Bay Buccaneers,16,187,86,0.460,13,9,0.692,60,36,0.600,,,,,,,,,,,,,,,,
2018,8,Los Angeles Rams,16,191,86,0.450,15,6,0.400,80,46,0.575,,,,,,,,,,,,,,,,
2018,9,Philadelphia Eagles,16,205,84,0.410,23,14,0.609,57,33,0.579,,,,,,,,,,,,,,,,
2018,10,Kansas City Chiefs,16,176,83,0.472,15,12,0.800,71,51,0.718,,,,,,,,,,,,,,,,
2018,11,Chicago Bears,16,200,82,0.410,15,9,0.600,54,36,0.667,,,,,,,,,,,,,,,,
2018,12,Tennessee Titans,16,205,82,0.400,12,7,0.583,47,25,0.532,,,,,,,,,,,,,,,,
2018,13,New England Patriots,16,201,82,0.408,14,7,0.500,57,34,0.596,,,,,,,,,,,,,,,,
2018,14,New Orleans Saints,16,184,82,0.446,16,13,0.813,69,48,0.696,,,,,,,,,,,,,,,,
2018,15,Seattle Seahawks,16,208,81,0.389,14,11,0.786,55,36,0.655,,,,,,,,,,,,,,,,
2018,16,Houston Texans,16,208,77,0.370,12,8,0.667,60,30,0.500,,,,,,,,,,,,,,,,
2018,17,Carolina Panthers,16,185,77,0.416,19,9,0.474,58,36,0.621,,,,,,,,,,,,,,,,
2018,18,New York Giants,16,206,76,0.369,20,12,0.600,54,27,0.500,,,,,,,,,,,,,,,,
2018,19,Green Bay Packers,16,204,75,0.368,20,10,0.500,47,29,0.617,,,,,,,,,,,,,,,,
2018,20,Detroit Lions,16,208,75,0.361,18,11,0.611,49,26,0.531,,,,,,,,,,,,,,,,
2018,21,Washington Redskins,16,206,75,0.364,18,10,0.556,40,21,0.525,,,,,,,,,,,,,,,,
2018,22,Minnesota Vikings,16,204,73,0.358,21,9,0.429,50,27,0.540,,,,,,,,,,,,,,,,
2018,23,Oakland Raiders,16,197,73,0.371,16,7,0.438,43,23,0.535,,,,,,,,,,,,,,,,
2018,24,San Francisco 49ers,16,193,73,0.378,10,5,0.500,51,21,0.412,,,,,,,,,,,,,,,,
2018,25,Cleveland Browns,16,208,73,0.351,21,9,0.429,48,32,0.667,,,,,,,,,,,,,,,,
2018,26,Los Angeles Chargers,16,177,70,0.395,8,7,0.875,53,34,0.642,,,,,,,,,,,,,,,,
2018,27,New York Jets,16,214,69,0.322,22,11,0.500,45,20,0.444,,,,,,,,,,,,,,,,
2018,28,Denver Broncos,16,207,69,0.333,25,15,0.600,44,25,0.568,,,,,,,,,,,,,,,,
2018,29,Cincinnati Bengals,16,187,69,0.369,17,9,0.529,45,32,0.711,,,,,,,,,,,,,,,,
2018,30,Buffalo Bills,16,215,68,0.316,18,7,0.389,37,22,0.595,,,,,,,,,,,,,,,,
2018,31,Arizona Cardinals,16,199,58,0.291,16,6,0.375,28,18,0.643,,,,,,,,,,,,,,,,
2018,32,Miami Dolphins,16,186,56,0.301,13,8,0.615,31,16,0.516,,,,,,,,,,,,,,,,
2019,1,Philadelphia Eagles,16,229,104,0.454,24,8,0.333,54,36,0.667,,,,,,,,,,,,,,,,
2019,2,Dallas Cowboys,16,204,96,0.471,16,7,0.438,54,31,0.574,,,,,,,,,,,,,,,,
2019,3,Detroit Lions,16,220,90,0.409,13,5,0.385,42,25,0.595,,,,,,,,,,,,,,,,
2019,4,San Francisco 49ers,16,200,90,0.450,12,7,0.583,62,33,0.532,,,,,,,,,,,,,,,,
2019,5,Tampa Bay Buccaneers,16,217,90,0.415,17,9,0.529,54,35,0.648,,,,,,,,,,,,,,,,
2019,6,Kansas City Chiefs,16,187,89,0.476,10,6,0.600,50,27,0.540,,,,,,,,,,,,,,,,
2019,7,Oakland Raiders,16,201,88,0.438,19,11,0.579,53,28,0.528,,,,,,,,,,,,,,,,
2019,8,Baltimore Ravens,16,187,88,0.471,24,17,0.708,64,43,0.672,,,,,,,,,,,,,,,,
2019,9,Atlanta Falcons,16,207,87,0.420,21,13,0.619,60,31,0.517,,,,,,,,,,,,,,,,
2019,10,New England Patriots,16,227,87,0.383,15,6,0.400,60,30,0.500,,,,,,,,,,,,,,,,
2019,11,Indianapolis Colts,16,207,86,0.415,24,14,0.583,56,36,0.643,,,,,,,,,,,,,,,,
2019,12,Los Angeles Chargers,16,194,86,0.443,18,10,0.556,53,28,0.528,,,,,,,,,,,,,,,,
2019,13,Houston Texans,16,193,84,0.435,25,13,0.520,53,34,0.642,,,,,,,,,,,,,,,,
2019,14,Los Angeles Rams,16,208,83,0.399,13,3,0.231,59,38,0.644,,,,,,,,,,,,,,,,
2019,15,Minnesota Vikings,16,194,83,0.428,15,8,0.533,56,34,0.607,,,,,,,,,,,,,,,,
2019,16,New Orleans Saints,16,192,81,0.422,13,5,0.385,57,34,0.596,,,,,,,,,,,,,,,,
2019,17,Cincinnati Bengals,16,222,80,0.360,26,13,0.500,48,21,0.438,,,,,,,,,,,,,,,,
2019,18,Seattle Seahawks,16,200,79,0.395,14,7,0.500,60,38,0.633,,,,,,,,,,,,,,,,
2019,19,New York Giants,16,212,79,0.373,31,14,0.452,42,24,0.571,,,,,,,,,,,,,,,,
2019,20,Chicago Bears,16,216,77,0.356,21,7,0.333,46,24,0.522,,,,,,,,,,,,,,,,
2019,21,Buffalo Bills,16,212,76,0.358,18,8,0.444,44,25,0.568,,,,,,,,,,,,,,,,
2019,22,Jacksonville Jaguars,16,220,76,0.345,25,12,0.480,47,19,0.404,,,,,,,,,,,,,,,,
2019,23,Green Bay Packers,16,203,73,0.360,14,7,0.500,50,32,0.640,,,,,,,,,,,,,,,,
2019,24,Miami Dolphins,16,207,71,0.343,28,13,0.464,48,27,0.563,,,,,,,,,,,,,,,,
2019,25,Arizona Cardinals,16,197,71,0.360,20,13,0.650,53,24,0.453,,,,,,,,,,,,,,,,
2019,26,Cleveland Browns,16,196,71,0.362,17,7,0.412,50,29,0.580,,,,,,,,,,,,,,,,
2019,27,Tennessee Titans,16,185,70,0.378,14,4,0.286,45,34,0.756,,,,,,,,,,,,,,,,
2019,28,Pittsburgh Steelers,16,195,67,0.344,15,2,0.133,40,14,0.350,,,,,,,,,,,,,,,,
2019,29,Carolina Panthers,16,207,66,0.319,24,12,0.500,50,29,0.580,,,,,,,,,,,,,,,,
2019,30,New York Jets,16,212,65,0.307,19,7,0.368,33,18,0.545,,,,,,,,,,,,,,,,
2019,31,Denver Broncos,16,202,64,0.317,16,11,0.688,42,20,0.476,,,,,,,,,,,,,,,,
2019,32,Washington Redskins,16,179,52,0.291,14,6,0.429,41,20,0.488,,,,,,,,,,,,,,,,
2020,1,Baltimore Ravens,16,207,101,0.488,19,12,0.632,60,38,0.633,,,,,,,,,,,,,,,,
2020,2,Los Angeles Chargers,16,224,99,0.442,25,12,0.480,56,32,0.571,,,,,,,,,,,,,,,,
2020,3,Los Angeles Rams,16,226,98,0.434,17,8,0.471,57,33,0.579,,,,,,,,,,,,,,,,
2020,4,Atlanta Falcons,16,221,97,0.439,26,15,0.577,58,31,0.534,,,,,,,,,,,,,,,,
2020,5,Pittsburgh Steelers,16,230,97,0.422,19,10,0.526,52,33,0.635,,,,,,,,,,,,,,,,
2020,6,Kansas City Chiefs,16,194,95,0.490,16,9,0.563,59,36,0.610,,,,,,,,,,,,,,,,
2020,7,Buffalo Bills,16,187,93,0.497,10,8,0.800,68,42,0.618,,,,,,,,,,,,,,,,
2020,8,New Orleans Saints,16,208,93,0.447,16,11,0.688,68,49,0.721,,,,,,,,,,,,,,,,
2020,9,Las Vegas Raiders,16,198,91,0.460,21,16,0.762,59,32,0.542,,,,,,,,,,,,,,,,
2020,10,Green Bay Packers,16,180,89,0.494,21,13,0.619,60,48,0.800,,,,,,,,,,,,,,,,
2020,11,Washington Football Team,16,225,88,0.391,19,11,0.579,47,27,0.574,,,,,,,,,,,,,,,,
2020,12,Cleveland Browns,16,196,88,0.449,24,8,0.333,53,39,0.736,,,,,,,,,,,,,,,,
2020,13,Dallas Cowboys,16,215,87,0.405,31,17,0.548,54,27,0.500,,,,,,,,,,,,,,,,
2020,14,Jacksonville Jaguars,16,207,84,0.406,26,7,0.269,45,27,0.600,,,,,,,,,,,,,,,,
2020,15,Tennessee Titans,16,182,84,0.462,16,10,0.625,64,48,0.750,,,,,,,,,,,,,,,,
2020,16,Houston Texans,16,193,83,0.430,16,9,0.563,50,27,0.540,,,,,,,,,,,,,,,,
2020,17,Tampa Bay Buccaneers,16,191,83,0.435,14,8,0.571,61,42,0.689,,,,,,,,,,,,,,,,
2020,18,Philadelphia Eagles,16,220,82,0.373,35,15,0.429,46,28,0.609,,,,,,,,,,,,,,,,
2020,19,Denver Broncos,16,212,82,0.387,15,4,0.267,45,24,0.533,,,,,,,,,,,,,,,,
2020,20,Arizona Cardinals,16,202,80,0.396,25,17,0.680,58,38,0.655,,,,,,,,,,,,,,,,
2020,21,Detroit Lions,16,192,79,0.411,20,10,0.500,53,35,0.660,,,,,,,,,,,,,,,,
2020,22,Miami Dolphins,16,202,78,0.386,10,8,0.800,60,35,0.583,,,,,,,,,,,,,,,,
2020,23,Indianapolis Colts,16,197,78,0.396,26,16,0.615,60,35,0.583,,,,,,,,,,,,,,,,
2020,24,Cincinnati Bengals,16,213,77,0.362,27,19,0.704,48,24,0.500,,,,,,,,,,,,,,,,
2020,25,San Francisco 49ers,16,197,77,0.391,15,6,0.400,55,37,0.673,,,,,,,,,,,,,,,,
2020,26,New England Patriots,16,186,76,0.409,17,9,0.529,48,26,0.542,,,,,,,,,,,,,,,,
2020,27,Seattle Seahawks,16,189,76,0.402,14,8,0.571,56,41,0.732,,,,,,,,,,,,,,,,
2020,28,Carolina Panthers,16,195,76,0.390,27,15,0.556,57,29,0.509,,,,,,,,,,,,,,,,
2020,29,Minnesota Vikings,16,181,74,0.409,23,13,0.565,59,42,0.712,,,,,,,,,,,,,,,,
2020,30,New York Giants,16,198,72,0.364,22,14,0.636,41,19,0.463,,,,,,,,,,,,,,,,
2020,31,Chicago Bears,16,205,71,0.346,28,17,0.607,55,31,0.564,,,,,,,,,,,,,,,,
2020,32,New York Jets,16,206,70,0.340,18,7,0.389,38,16,0.421,,,,,,,,,,,,,,,,
2021,1,Kansas City Chiefs,17,205,107,0.522,15,10,0.667,69,41,0.594,,,,,,,,,,,,,,,,
2021,2,Tampa Bay Buccaneers,17,223,105,0.471,16,9,0.563,68,45,0.662,,,,,,,,,,,,,,,,
2021,3,Buffalo Bills,17,222,103,0.464,22,11,0.500,77,48,0.623,,,,,,,,,,,,,,,,
2021,4,Tennessee Titans,17,236,103,0.436,24,15,0.625,61,39,0.639,,,,,,,,,,,,,,,,
2021,5,Philadelphia Eagles,17,221,101,0.457,24,11,0.458,61,38,0.623,,,,,,,,,,,,,,,,
2021,6,Los Angeles Chargers,17,221,100,0.452,34,22,0.647,75,48,0.640,,,,,,,,,,,,,,,,
2021,7,Arizona Cardinals,17,221,100,0.452,29,17,0.586,65,39,0.600,,,,,,,,,,,,,,,,
2021,8,Dallas Cowboys,17,228,99,0.434,24,14,0.583,65,41,0.631,,,,,,,,,,,,,,,,
2021,9,Houston Texans,17,239,95,0.397,21,9,0.429,37,19,0.514,,,,,,,,,,,,,,,,
2021,10,Miami Dolphins,17,233,95,0.408,22,12,0.545,49,30,0.612,,,,,,,,,,,,,,,,
2021,11,Pittsburgh Steelers,17,239,93,0.389,21,10,0.476,50,27,0.540,,,,,,,,,,,,,,,,
2021,12,New England Patriots,17,209,91,0.435,17,11,0.647,63,39,0.619,,,,,,,,,,,,,,,,
2021,13,Los Angeles Rams,17,205,90,0.439,19,10,0.526,70,42,0.600,,,,,,,,,,,,,,,,
2021,14,Green Bay Packers,17,202,88,0.436,22,13,0.591,70,41,0.586,,,,,,,,,,,,,,,,
2021,15,Washington Football Team,17,224,87,0.388,32,16,0.500,51,26,0.510,,,,,,,,,,,,,,,,
2021,16,Indianapolis Colts,17,210,86,0.410,29,18,0.621,64,36,0.563,,,,,,,,,,,,,,,,
2021,17,Carolina Panthers,17,235,84,0.357,34,14,0.412,47,25,0.532,,,,,,,,,,,,,,,,
2021,18,New York Giants,17,230,84,0.365,30,13,0.433,38,17,0.447,,,,,,,,,,,,,,,,
2021,19,Minnesota Vikings,17,228,83,0.364,22,12,0.545,53,33,0.623,,,,,,,,,,,,,,,,
2021,20,Cleveland Browns,17,212,83,0.392,29,12,0.414,50,31,0.620,,,,,,,,,,,,,,,,
2021,21,Denver Broncos,17,213,82,0.385,28,16,0.571,53,29,0.547,,,,,,,,,,,,,,,,
2021,22,Cincinnati Bengals,17,207,82,0.396,20,13,0.650,52,31,0.596,,,,,,,,,,,,,,,,
2021,23,Baltimore Ravens,17,225,82,0.364,27,18,0.667,55,34,0.618,,,,,,,,,,,,,,,,
2021,24,Atlanta Falcons,17,211,82,0.389,24,10,0.417,54,29,0.537,,,,,,,,,,,,,,,,
2021,25,San Francisco 49ers,17,199,80,0.402,20,10,0.500,54,36,0.667,,,,,,,,,,,,,,,,
2021,26,New Orleans Saints,17,220,78,0.355,21,11,0.524,56,33,0.589,,,,,,,,,,,,,,,,
2021,27,New York Jets,17,212,77,0.363,29,14,0.483,51,28,0.549,,,,,,,,,,,,,,,,
2021,28,Las Vegas Raiders,17,206,77,0.374,19,12,0.632,60,31,0.517,,,,,,,,,,,,,,,,
2021,29,Jacksonville Jaguars,17,212,76,0.358,31,18,0.581,39,20,0.513,,,,,,,,,,,,,,,,
2021,30,Chicago Bears,17,216,75,0.347,36,15,0.417,48,23,0.479,,,,,,,,,,,,,,,,
2021,31,Detroit Lions,17,213,74,0.347,41,21,0.512,45,21,0.467,,,,,,,,,,,,,,,,
2021,32,Seattle Seahawks,17,193,72,0.373,11,4,0.364,48,31,0.646,,,,,,,,,,,,,,,,
2022,1,Los Angeles Chargers,17,257,112,0.436,29,15,0.517,62,33,0.532,,,,,,,,,,,,,,,,
2022,2,Pittsburgh Steelers,17,236,106,0.449,15,11,0.733,52,27,0.519,,,,,,,,,,,,,,,,
2022,3,Dallas Cowboys,17,231,105,0.455,19,10,0.526,56,40,0.714,,,,,,,,,,,,,,,,
2022,4,Philadelphia Eagles,17,222,102,0.459,32,22,0.688,59,40,0.678,,,,,,,,,,,,,,,,
2022,5,Buffalo Bills,16,193,97,0.503,13,7,0.538,58,35,0.603,,,,,,,,,,,,,,,,
2022,6,San Francisco 49ers,17,211,95,0.450,17,7,0.412,63,34,0.540,,,,,,,,,,,,,,,,
2022,7,Cincinnati Bengals,16,206,95,0.461,12,3,0.250,57,37,0.649,,,,,,,,,,,,,,,,
2022,8,Kansas City Chiefs,17,193,94,0.487,12,9,0.750,72,50,0.694,,,,,,,,,,,,,,,,
2022,9,Minnesota Vikings,17,226,93,0.412,19,9,0.474,64,40,0.625,,,,,,,,,,,,,,,,
2022,10,Tampa Bay Buccaneers,17,246,92,0.374,27,15,0.556,50,26,0.520,,,,,,,,,,,,,,,,
2022,11,Baltimore Ravens,17,218,91,0.417,20,8,0.400,59,27,0.458,,,,,,,,,,,,,,,,
2022,12,Chicago Bears,17,220,90,0.409,25,8,0.320,50,28,0.560,,,,,,,,,,,,,,,,
2022,13,Jacksonville Jaguars,17,215,90,0.419,27,14,0.519,58,31,0.534,,,,,,,,,,,,,,,,
2022,14,New Orleans Saints,17,219,88,0.402,11,4,0.364,48,25,0.521,,,,,,,,,,,,,,,,
2022,15,Cleveland Browns,17,231,88,0.381,42,23,0.548,56,30,0.536,,,,,,,,,,,,,,,,
2022,16,Detroit Lions,17,211,86,0.408,37,20,0.541,68,45,0.662,,,,,,,,,,,,,,,,
2022,17,New York Jets,17,240,83,0.346,28,11,0.393,46,20,0.435,,,,,,,,,,,,,,,,
2022,18,Los Angeles Rams,17,211,83,0.393,19,15,0.789,45,25,0.556,,,,,,,,,,,,,,,,
2022,19,Las Vegas Raiders,17,208,83,0.399,24,13,0.542,48,23,0.479,,,,,,,,,,,,,,,,
2022,20,Atlanta Falcons,17,196,82,0.418,18,9,0.500,54,30,0.556,,,,,,,,,,,,,,,,
2022,21,Arizona Cardinals,17,233,82,0.352,41,18,0.439,44,25,0.568,,,,,,,,,,,,,,,,
2022,22,Washington Commanders,17,230,81,0.352,25,12,0.480,47,24,0.511,,,,,,,,,,,,,,,,
2022,23,Tennessee Titans,17,219,80,0.365,17,9,0.529,42,27,0.643,,,,,,,,,,,,,,,,
2022,24,Green Bay Packers,17,200,79,0.395,31,12,0.387,54,28,0.519,,,,,,,,,,,,,,,,
2022,25,New York Giants,17,212,78,0.368,21,10,0.476,49,31,0.633,,,,,,,,,,,,,,,,
2022,26,Seattle Seahawks,17,201,76,0.378,21,12,0.571,55,26,0.473,,,,,,,,,,,,,,,,
2022,27,Indianapolis Colts,17,228,75,0.329,26,12,0.462,48,22,0.458,,,,,,,,,,,,,,,,
2022,28,New England Patriots,17,215,75,0.349,13,5,0.385,45,19,0.422,,,,,,,,,,,,,,,,
2022,29,Miami Dolphins,17,196,71,0.362,24,13,0.542,50,30,0.600,,,,,,,,,,,,,,,,
2022,30,Denver Broncos,17,230,67,0.291,24,12,0.500,36,20,0.556,,,,,,,,,,,,,,,,
2022,31,Houston Texans,17,221,67,0.303,26,13,0.500,48,23,0.479,,,,,,,,,,,,,,,,
2022,32,Carolina Panthers,17,202,64,0.317,21,12,0.571,46,26,0.565,,,,,,,,,,,,,,,,
2023,1,Dallas Cowboys,17,230,111,0.483,23,13,0.565,71,40,0.563,,,,,,,,,,,,,,,,
2023,2,Buffalo Bills,17,219,109,0.498,16,9,0.563,65,41,0.631,,,,,,,,,,,,,,,,
2023,3,Philadelphia Eagles,17,225,108,0.480,26,19,0.731,60,36,0.600,,,,,,,,,,,,,,,,
2023,4,Green Bay Packers,17,223,105,0.471,24,12,0.500,64,33,0.516,,,,,,,,,,,,,,,,
2023,5,Chicago Bears,17,238,98,0.412,26,13,0.500,49,28,0.571,,,,,,,,,,,,,,,,
2023,6,Tampa Bay Buccaneers,17,236,98,0.415,18,12,0.667,49,22,0.449,,,,,,,,,,,,,,,,
2023,7,Kansas City Chiefs,17,220,96,0.436,20,10,0.500,61,33,0.541,,,,,,,,,,,,,,,,
2023,8,Los Angeles Rams,17,226,95,0.420,21,13,0.619,55,35,0.636,,,,,,,,,,,,,,,,
2023,9,Detroit Lions,17,224,93,0.415,40,21,0.525,64,41,0.641,,,,,,,,,,,,,,,,
2023,10,Los Angeles Chargers,17,237,91,0.384,32,15,0.469,47,27,0.574,,,,,,,,,,,,,,,,
2023,11,New Orleans Saints,17,235,91,0.387,19,9,0.474,60,32,0.533,,,,,,,,,,,,,,,,
2023,12,Atlanta Falcons,17,225,90,0.400,19,8,0.421,47,22,0.468,,,,,,,,,,,,,,,,
2023,13,Arizona Cardinals,17,225,88,0.391,34,15,0.441,44,27,0.614,,,,,,,,,,,,,,,,
2023,14,Houston Texans,17,232,88,0.379,21,8,0.381,53,29,0.547,,,,,,,,,,,,,,,,
2023,15,Baltimore Ravens,17,207,87,0.420,14,8,0.571,68,42,0.618,,,,,,,,,,,,,,,,
2023,16,Jacksonville Jaguars,17,228,87,0.382,29,13,0.448,52,26,0.500,,,,,,,,,,,,,,,,
2023,17,San Francisco 49ers,17,179,85,0.475,13,7,0.538,67,45,0.672,,,,,,,,,,,,,,,,
2023,18,Pittsburgh Steelers,17,232,85,0.366,19,9,0.474,42,20,0.476,,,,,,,,,,,,,,,,
2023,19,Minnesota Vikings,17,223,85,0.381,29,17,0.586,51,24,0.471,,,,,,,,,,,,,,,,
2023,20,Miami Dolphins,17,202,85,0.421,25,11,0.440,58,38,0.655,,,,,,,,,,,,,,,,
2023,21,Carolina Panthers,17,249,85,0.341,48,23,0.479,36,18,0.500,,,,,,,,,,,,,,,,
2023,22,Indianapolis Colts,17,232,82,0.353,32,16,0.500,57,28,0.491,,,,,,,,,,,,,,,,
2023,23,Cincinnati Bengals,17,218,82,0.376,20,9,0.450,52,31,0.596,,,,,,,,,,,,,,,,
2023,24,Denver Broncos,17,220,81,0.368,20,13,0.650,58,30,0.517,,,,,,,,,,,,,,,,
2023,25,Cleveland Browns,17,253,80,0.316,32,18,0.563,50,28,0.560,,,,,,,,,,,,,,,,
2023,26,Las Vegas Raiders,17,216,77,0.356,23,14,0.609,47,23,0.489,,,,,,,,,,,,,,,,
2023,27,Washington Commanders,17,216,77,0.356,29,16,0.552,49,31,0.633,,,,,,,,,,,,,,,,
2023,28,New York Giants,17,248,75,0.302,37,18,0.486,43,19,0.442,,,,,,,,,,,,,,,,
2023,29,Seattle Seahawks,17,207,75,0.362,16,6,0.375,54,26,0.481,,,,,,,,,,,,,,,,
2023,30,Tennessee Titans,17,212,71,0.335,20,11,0.550,48,23,0.479,,,,,,,,,,,,,,,,
2023,31,New England Patriots,17,222,67,0.302,25,9,0.360,36,21,0.583,,,,,,,,,,,,,,,,
2023,32,New York Jets,17,235,61,0.260,29,17,0.586,37,12,0.324,,,,,,,,,,,,,,,,